,participant,word,onset,ep_type,last_sound,context
1,1,beautiful,bj,none,r,passage
2,1,beautiful,bj,none,na,context
3,1,breeze,br,none,e,passage
4,1,breeze,br,none,na,context
5,1,bring,br,none,r,passage
6,1,bring,br,none,na,context
7,1,brings,br,none,r,passage
8,1,brings,br,none,na,context
9,1,brother,br,none,n,passage
10,1,brother,br,none,na,context
11,1,bugle,bj,none,f,passage
12,1,bugle,bj,none,na,context
13,1,clean,kl,none,n,passage
14,1,clean,kl,none,na,context
15,1,creek,kr,none,r,passage
16,1,creek,kr,none,na,context
17,1,cute,kj,none,e,passage
18,1,cute,kj,none,na,context
19,1,dreaming,dr,none,p,passage
20,1,dreaming,dr,none,na,context
21,1,drink,dr,none,i,passage
22,1,drink,dr,none,na,context
23,1,dwarf,dw,none,e,passage
24,1,dwarf,dw,none,na,context
25,1,dwayne,dw,none,na,passage
26,1,dwayne,dw,none,na,context
27,1,flickering,fl,none,t,passage
28,1,flickering,fl,anaptyxis,na,context
29,1,flock,fl,none,e,passage
30,1,flock,fl,none,na,context
31,1,floor,fl,none,i,passage
32,1,floor,fl,none,na,context
33,1,fly,fl,none,s,passage
34,1,fly,fl,none,na,context
35,1,flying,fl,none,s,passage
36,1,flying,fl,none,na,context
37,1,freaks,fr,none,i,passage
38,1,freaks,fr,none,na,context
39,1,gloves,gl,none,l,passage
40,1,gloves,gl,none,na,context
41,1,grabs,gr,none,d,passage
42,1,grabs,gr,none,na,context
43,1,ground,gr,none,e,passage
44,1,ground,gr,none,na,context
45,1,place,pl,none,u,passage
46,1,place,pl,none,na,context
47,1,please,pl,none,na,passage
48,1,please,pl,none,na,context
49,1,plethora,pl,none,e,passage
50,1,plethora,pl,none,na,context
51,1,prothesis,sk,none,na,context
52,1,quacks,kw,none,d,passage
53,1,quacks,kw,none,na,context
54,1,queen,kw,none,e,passage
55,1,queen,kw,none,na,context
56,1,quickly,kw,none,r,passage
57,1,quickly,kw,none,na,context
58,1,scarlett,sk,prothesis,k,passage
59,1,scoop,sk,none,n,passage
60,1,scoop,sk,none,na,context
61,1,skeptical,sk,prothesis,z,passage
62,1,skeptical,sk,none,na,context
63,1,skin,sk,prothesis,z,passage
64,1,skin,sk,none,na,context
65,1,skip,sk,prothesis,n,passage
66,1,skip,sk,none,na,context
67,1,sleep,sl,none,d,passage
68,1,sleep,sl,none,na,context
69,1,slips,sl,none,u,passage
70,1,slips,sl,none,na,context
71,1,sloth,sl,none,l,passage
72,1,sloth,sl,none,na,context
73,1,slouched,sl,none,z,passage
74,1,slouched,sl,none,na,context
75,1,slow,sl,prothesis,t,passage
76,1,slow,sl,none,na,context
77,1,slugs,sl,none,i,passage
78,1,slugs,sl,none,na,context
79,1,smacked,sm,none,t,passage
80,1,smacked,sm,none,na,context
81,1,small,sm,prothesis,s,passage
82,1,small,sm,none,r,passage
83,1,small,sm,none,na,context
84,1,small,sm,none,na,context
85,1,smelling,sm,prothesis,z,passage
86,1,smelling,sm,none,na,context
87,1,smiles,sm,prothesis,p,passage
88,1,smiles,sm,none,na,context
89,1,smith,sm,none,na,passage
90,1,smith,sm,none,na,context
91,1,smog,sm,prothesis,k,passage
92,1,smog,sm,none,na,context
93,1,snag,sn,prothesis,d,passage
94,1,snag,sn,none,na,context
95,1,snaps,sn,none,n,passage
96,1,snaps,sn,none,na,context
97,1,snatch,sn,none,n,passage
98,1,snatch,sn,none,na,context
99,1,sniffs,sn,prothesis,o,passage
100,1,sniffs,sn,none,na,context
101,1,snips,sn,prothesis,i,passage
102,1,snips,sn,none,na,context
103,1,snoops,sn,none,d,passage
104,1,snoops,sn,none,na,context
105,1,snow,sn,none,e,passage
106,1,snow,sn,none,na,context
107,1,spark,sp,none,g,passage
108,1,spark,sp,none,na,context
109,1,speed,sp,prothesis,l,passage
110,1,speed,sp,none,na,context
111,1,spreading,sp,prothesis,l,passage
112,1,spreading,sp,none,na,context
113,1,start,st,prothesis,d,passage
114,1,start,st,none,na,context
115,1,starts,st,none,s,passage
116,1,starts,st,prothesis,d,passage
117,1,starts,st,none,na,context
118,1,steps,st,none,n,passage
119,1,steps,st,none,na,context
120,1,stop,st,none,t,passage
121,1,stop,st,none,na,context
122,1,swats,sw,none,d,passage
123,1,swats,sw,none,na,context
124,1,sweeping,sw,none,z,passage
125,1,sweeping,sw,none,na,context
126,1,sweeps,sw,none,d,passage
127,1,sweeps,sw,none,na,context
128,1,swim,sw,none,d,passage
129,1,swim,sw,none,na,context
130,1,swoon,sw,none,n,passage
131,1,swoon,sw,none,na,context
132,1,thrashing,θr,none,z,passage
133,1,thrashing,θr,none,na,context
134,1,thread,θr,none,r,passage
135,1,thread,θr,none,na,context
136,1,three,θr,none,m,passage
137,1,three,θr,none,na,context
138,1,throttle,θr,none,z,passage
139,1,throttle,θr,none,na,context
140,1,trot,tr,none,z,passage
141,1,trot,tr,none,na,context
142,1,tweaking,tw,none,n,passage
143,1,tweaking,tw,none,na,context
144,1,twin,tw,none,r,passage
145,1,twin,tw,none,na,context
146,1,twitches,tw,none,n,passage
147,1,twitches,tw,none,na,context
148,2,beautiful,bj,none,r,passage
149,2,beautiful,bj,none,na,context
150,2,breeze,br,none,e,passage
151,2,breeze,br,none,na,context
152,2,bring,br,none,r,passage
153,2,bring,br,none,na,context
154,2,brings,br,none,r,passage
155,2,brings,br,none,na,context
156,2,brother,br,none,n,passage
157,2,brother,br,none,na,context
158,2,bugle,bj,na,f,passage
159,2,bugle,bj,na,na,context
160,2,clean,kl,none,n,passage
161,2,clean,kl,none,na,context
162,2,creek,kr,none,r,passage
163,2,creek,kr,none,na,context
164,2,cute,kj,none,e,passage
165,2,cute,kj,none,na,context
166,2,dreaming,dr,none,p,passage
167,2,dreaming,dr,none,na,context
168,2,drink,dr,none,i,passage
169,2,drink,dr,none,na,context
170,2,dwarf,dw,none,e,passage
171,2,dwarf,dw,none,na,context
172,2,dwayne,dw,none,na,passage
173,2,dwayne,dw,none,na,context
174,2,flickering,fl,none,t,passage
175,2,flickering,fl,none,na,context
176,2,flock,fl,none,e,passage
177,2,flock,fl,none,na,context
178,2,floor,fl,none,i,passage
179,2,floor,fl,none,na,context
180,2,fly,fl,none,s,passage
181,2,fly,fl,none,na,context
182,2,flying,fl,none,s,passage
183,2,flying,fl,none,na,context
184,2,freaks,fr,none,i,passage
185,2,freaks,fr,none,na,context
186,2,gloves,gl,none,l,passage
187,2,gloves,gl,none,na,context
188,2,grabs,gr,none,d,passage
189,2,grabs,gr,none,na,context
190,2,ground,gr,none,e,passage
191,2,ground,gr,none,na,context
192,2,place,pl,none,u,passage
193,2,place,pl,none,na,context
194,2,please,pl,none,na,passage
195,2,please,pl,none,na,context
196,2,plethora,pl,none,e,passage
197,2,plethora,pl,none,na,context
198,2,quacks,kw,none,d,passage
199,2,quacks,kw,none,na,context
200,2,queen,kw,none,e,passage
201,2,queen,kw,none,na,context
202,2,quickly,kw,none,r,passage
203,2,quickly,kw,none,na,context
204,2,scarlett,sk,prothesis,k,passage
205,2,scarlett,sk,none,na,context
206,2,scoop,sk,none,n,passage
207,2,scoop,sk,none,na,context
208,2,skeptical,sk,none,z,passage
209,2,skeptical,sk,none,na,context
210,2,skin,sk,prothesis,z,passage
211,2,skin,sk,none,na,context
212,2,skip,sk,none,n,passage
213,2,skip,sk,none,na,context
214,2,sleep,sl,none,d,passage
215,2,sleep,sl,none,na,context
216,2,slips,sl,none,u,passage
217,2,slips,sl,none,na,context
218,2,sloth,sl,none,l,passage
219,2,sloth,sl,none,na,context
220,2,slouched,sl,none,z,passage
221,2,slouched,sl,none,na,context
222,2,slow,sl,none,t,passage
223,2,slow,sl,none,na,context
224,2,slugs,sl,none,i,passage
225,2,slugs,sl,none,na,context
226,2,smacked,sm,none,t,passage
227,2,smacked,sm,none,na,context
228,2,small,sm,prothesis,s,passage
229,2,small,sm,none,r,passage
230,2,small,sm,none,na,context
231,2,small,sm,none,na,context
232,2,smelling,sm,none,z,passage
233,2,smelling,sm,none,na,context
234,2,smiles,sm,prothesis,p,passage
235,2,smiles,sm,none,na,context
236,2,smith,sm,none,na,passage
237,2,smith,sm,none,na,context
238,2,smog,sm,none,k,passage
239,2,smog,sm,none,na,context
240,2,snag,sn,prothesis,d,passage
241,2,snag,sn,none,na,context
242,2,snaps,sn,none,n,passage
243,2,snaps,sn,none,na,context
244,2,snatch,sn,none,n,passage
245,2,snatch,sn,none,na,context
246,2,sniffs,sn,none,o,passage
247,2,sniffs,sn,none,na,context
248,2,snips,sn,none,i,passage
249,2,snips,sn,none,na,context
250,2,snoops,sn,none,d,passage
251,2,snoops,sn,none,na,context
252,2,snow,sn,none,e,passage
253,2,snow,sn,none,na,context
254,2,spark,sp,none,g,passage
255,2,spark,sp,none,na,context
256,2,speed,sp,none,l,passage
257,2,speed,sp,none,na,context
258,2,spreading,sp,prothesis,l,passage
259,2,spreading,sp,none,na,context
260,2,start,st,none,d,passage
261,2,start,st,none,na,context
262,2,starts,st,none,s,passage
263,2,starts,st,none,d,passage
264,2,starts,st,none,na,context
265,2,steps,st,none,n,passage
266,2,steps,st,none,na,context
267,2,stop,st,none,t,passage
268,2,stop,st,none,na,context
269,2,swats,sw,none,d,passage
270,2,swats,sw,none,na,context
271,2,sweeping,sw,none,z,passage
272,2,sweeping,sw,none,na,context
273,2,sweeps,sw,none,d,passage
274,2,sweeps,sw,none,na,context
275,2,swim,sw,none,d,passage
276,2,swim,sw,none,na,context
277,2,swoon,sw,none,n,passage
278,2,swoon,sw,none,na,context
279,2,thrashing,θr,none,z,passage
280,2,thrashing,θr,none,na,context
281,2,thread,θr,none,r,passage
282,2,thread,θr,none,na,context
283,2,three,θr,none,m,passage
284,2,three,θr,none,na,context
285,2,throttle,θr,none,z,passage
286,2,throttle,θr,none,na,context
287,2,trot,tr,none,z,passage
288,2,trot,tr,none,na,context
289,2,tweaking,tw,none,n,passage
290,2,tweaking,tw,none,na,context
291,2,twin,tw,none,r,passage
292,2,twin,tw,none,na,context
293,2,twitches,tw,none,n,passage
294,2,twitches,tw,none,na,context
295,3,beautiful,bj,none,r,passage
296,3,beautiful,bj,none,na,context
297,3,breeze,br,none,e,passage
298,3,breeze,br,none,na,context
299,3,bring,br,none,r,passage
300,3,bring,br,none,na,context
301,3,brings,br,none,r,passage
302,3,brings,br,none,na,context
303,3,brother,br,none,n,passage
304,3,brother,br,none,na,context
305,3,bugle,bj,none,f,passage
306,3,bugle,bj,none,na,context
307,3,clean,kl,none,n,passage
308,3,clean,kl,none,na,context
309,3,creek,kr,none,r,passage
310,3,creek,kr,none,na,context
311,3,cute,kj,none,e,passage
312,3,cute,kj,none,na,context
313,3,dreaming,dr,none,p,passage
314,3,dreaming,dr,none,na,context
315,3,drink,dr,none,i,passage
316,3,drink,dr,none,na,context
317,3,dwarf,dw,none,e,passage
318,3,dwarf,dw,none,na,context
319,3,dwayne,dw,none,na,passage
320,3,dwayne,dw,none,na,context
321,3,flickering,fl,none,t,passage
322,3,flickering,fl,none,na,context
323,3,flock,fl,none,e,passage
324,3,flock,fl,none,na,context
325,3,floor,fl,none,i,passage
326,3,floor,fl,none,na,context
327,3,fly,fl,none,s,passage
328,3,fly,fl,none,na,context
329,3,flying,fl,none,s,passage
330,3,flying,fl,none,na,context
331,3,freaks,fr,none,i,passage
332,3,freaks,fr,none,na,context
333,3,gloves,gl,none,l,passage
334,3,gloves,gl,none,na,context
335,3,grabs,gr,none,d,passage
336,3,grabs,gr,none,na,context
337,3,ground,gr,none,e,passage
338,3,ground,gr,none,na,context
339,3,place,pl,none,u,passage
340,3,place,pl,none,na,context
341,3,please,pl,none,na,passage
342,3,please,pl,none,na,context
343,3,plethora,pl,none,e,passage
344,3,plethora,pl,none,na,context
345,3,quacks,kw,none,d,passage
346,3,quacks,kw,none,na,context
347,3,queen,kw,none,e,passage
348,3,queen,kw,none,na,context
349,3,quickly,kw,none,r,passage
350,3,quickly,kw,none,na,context
351,3,scarlett,sk,none,k,passage
352,3,scarlett,sk,none,na,context
353,3,scoop,sk,none,n,passage
354,3,scoop,sk,none,na,context
355,3,skeptical,sk,none,z,passage
356,3,skeptical,sk,none,na,context
357,3,skin,sk,none,z,passage
358,3,skin,sk,none,na,context
359,3,skip,sk,none,n,passage
360,3,skip,sk,none,na,context
361,3,sleep,sl,none,d,passage
362,3,sleep,sl,none,na,context
363,3,slips,sl,none,u,passage
364,3,slips,sl,none,na,context
365,3,sloth,sl,none,l,passage
366,3,sloth,sl,none,na,context
367,3,slouched,sl,none,z,passage
368,3,slouched,sl,none,na,context
369,3,slow,sl,none,t,passage
370,3,slow,sl,none,na,context
371,3,slugs,sl,none,i,passage
372,3,slugs,sl,none,na,context
373,3,smacked,sm,none,t,passage
374,3,smacked,sm,none,na,context
375,3,small,sm,none,s,passage
376,3,small,sm,none,r,passage
377,3,small,sm,none,na,context
378,3,small,sm,none,na,context
379,3,smelling,sm,none,z,passage
380,3,smelling,sm,none,na,context
381,3,smiles,sm,none,p,passage
382,3,smiles,sm,none,na,context
383,3,smith,sm,none,na,passage
384,3,smith,sm,none,na,context
385,3,smog,sm,none,k,passage
386,3,smog,sm,none,na,context
387,3,snag,sn,none,d,passage
388,3,snag,sn,none,na,context
389,3,snaps,sn,none,n,passage
390,3,snaps,sn,none,na,context
391,3,snatch,sn,none,n,passage
392,3,snatch,sn,none,na,context
393,3,sniffs,sn,none,o,passage
394,3,sniffs,sn,none,na,context
395,3,snips,sn,none,i,passage
396,3,snips,sn,none,na,context
397,3,snoops,sn,none,d,passage
398,3,snoops,sn,none,na,context
399,3,snow,sn,none,e,passage
400,3,snow,sn,none,na,context
401,3,spark,sp,none,g,passage
402,3,spark,sp,none,na,context
403,3,speed,sp,none,l,passage
404,3,speed,sp,none,na,context
405,3,spreading,sp,none,l,passage
406,3,spreading,sp,none,na,context
407,3,start,st,none,d,passage
408,3,start,st,none,na,context
409,3,starts,st,none,s,passage
410,3,starts,st,none,d,passage
411,3,starts,st,none,na,context
412,3,steps,st,none,n,passage
413,3,steps,st,none,na,context
414,3,stop,st,none,t,passage
415,3,stop,st,none,na,context
416,3,swats,sw,none,d,passage
417,3,swats,sw,none,na,context
418,3,sweeping,sw,none,z,passage
419,3,sweeping,sw,none,na,context
420,3,sweeps,sw,none,d,passage
421,3,sweeps,sw,none,na,context
422,3,swim,sw,none,d,passage
423,3,swim,sw,none,na,context
424,3,swoon,sw,none,n,passage
425,3,swoon,sw,none,na,context
426,3,thrashing,θr,none,z,passage
427,3,thrashing,θr,none,na,context
428,3,thread,θr,none,r,passage
429,3,thread,θr,none,na,context
430,3,three,θr,none,m,passage
431,3,three,θr,none,na,context
432,3,throttle,θr,none,z,passage
433,3,throttle,θr,none,na,context
434,3,trot,tr,none,z,passage
435,3,trot,tr,none,na,context
436,3,tweaking,tw,none,n,passage
437,3,tweaking,tw,none,na,context
438,3,twin,tw,none,r,passage
439,3,twin,tw,none,na,context
440,3,twitches,tw,none,n,passage
441,3,twitches,tw,none,na,context
442,4,anaptyxis,pl,none,e,passage
443,4,beautiful,bj,none,r,passage
444,4,beautiful,bj,none,na,context
445,4,breeze,br,none,e,passage
446,4,breeze,br,none,na,context
447,4,bring,br,none,r,passage
448,4,bring,br,none,na,context
449,4,brings,br,none,r,passage
450,4,brings,br,none,na,context
451,4,brother,br,none,n,passage
452,4,brother,br,none,na,context
453,4,bugle,bj,na,f,passage
454,4,bugle,bj,na,na,context
455,4,clean,kl,none,n,passage
456,4,clean,kl,none,na,context
457,4,creek,kr,none,r,passage
458,4,creek,kr,none,na,context
459,4,cute,kj,none,e,passage
460,4,cute,kj,none,na,context
461,4,dreaming,dr,none,p,passage
462,4,dreaming,dr,none,na,context
463,4,drink,dr,none,i,passage
464,4,drink,dr,none,na,context
465,4,dwarf,dw,none,e,passage
466,4,dwarf,dw,none,na,context
467,4,dwayne,dw,none,na,passage
468,4,dwayne,dw,none,na,context
469,4,flickering,fl,none,t,passage
470,4,flickering,fl,none,na,context
471,4,flock,fl,none,e,passage
472,4,flock,fl,none,na,context
473,4,floor,fl,none,i,passage
474,4,floor,fl,none,na,context
475,4,fly,fl,none,s,passage
476,4,fly,fl,none,na,context
477,4,flying,fl,none,s,passage
478,4,flying,fl,none,na,context
479,4,freaks,fr,none,i,passage
480,4,freaks,fr,none,na,context
481,4,gloves,gl,none,l,passage
482,4,gloves,gl,none,na,context
483,4,grabs,gr,none,d,passage
484,4,grabs,gr,none,na,context
485,4,ground,gr,none,e,passage
486,4,ground,gr,none,na,context
487,4,place,pl,none,u,passage
488,4,place,pl,none,na,context
489,4,please,pl,none,na,passage
490,4,please,pl,none,na,context
491,4,plethora,pl,none,na,context
492,4,quacks,kw,none,d,passage
493,4,quacks,kw,none,na,context
494,4,queen,kw,none,e,passage
495,4,queen,kw,none,na,context
496,4,quickly,kw,none,r,passage
497,4,quickly,kw,none,na,context
498,4,scarlett,sk,none,k,passage
499,4,scarlett,sk,prothesis,na,context
500,4,scoop,sk,none,n,passage
501,4,scoop,sk,none,na,context
502,4,skeptical,sk,prothesis,z,passage
503,4,skeptical,sk,prothesis,na,context
504,4,skin,sk,none,z,passage
505,4,skin,sk,none,na,context
506,4,skip,sk,none,n,passage
507,4,skip,sk,none,na,context
508,4,sleep,sl,none,d,passage
509,4,sleep,sl,none,na,context
510,4,slips,sl,prothesis,u,passage
511,4,slips,sl,none,na,context
512,4,sloth,sl,none,l,passage
513,4,sloth,sl,none,na,context
514,4,slouched,sl,none,z,passage
515,4,slouched,sl,none,na,context
516,4,slow,sl,none,t,passage
517,4,slow,sl,none,na,context
518,4,slugs,sl,prothesis,i,passage
519,4,slugs,sl,none,na,context
520,4,smacked,sm,none,t,passage
521,4,smacked,sm,none,na,context
522,4,small,sm,none,s,passage
523,4,small,sm,none,r,passage
524,4,small,sm,none,na,context
525,4,small,sm,none,na,context
526,4,smelling,sm,none,z,passage
527,4,smelling,sm,none,na,context
528,4,smiles,sm,none,p,passage
529,4,smiles,sm,none,na,context
530,4,smith,sm,none,na,passage
531,4,smith,sm,none,na,context
532,4,smog,sm,none,k,passage
533,4,smog,sm,none,na,context
534,4,snag,sn,none,d,passage
535,4,snag,sn,none,na,context
536,4,snaps,sn,none,n,passage
537,4,snaps,sn,none,na,context
538,4,snatch,sn,none,n,passage
539,4,snatch,sn,none,na,context
540,4,sniffs,sn,prothesis,o,passage
541,4,sniffs,sn,none,na,context
542,4,snips,sn,prothesis,i,passage
543,4,snips,sn,none,na,context
544,4,snoops,sn,prothesis,d,passage
545,4,snoops,sn,none,na,context
546,4,snow,sn,none,e,passage
547,4,snow,sn,none,na,context
548,4,spark,sp,none,g,passage
549,4,spark,sp,none,na,context
550,4,speed,sp,none,l,passage
551,4,speed,sp,none,na,context
552,4,spreading,sp,none,l,passage
553,4,spreading,sp,none,na,context
554,4,start,st,none,d,passage
555,4,start,st,none,na,context
556,4,starts,st,none,s,passage
557,4,starts,st,none,d,passage
558,4,starts,st,none,na,context
559,4,steps,st,none,n,passage
560,4,steps,st,none,na,context
561,4,stop,st,none,t,passage
562,4,stop,st,none,na,context
563,4,swats,sw,none,d,passage
564,4,swats,sw,none,na,context
565,4,sweeping,sw,none,z,passage
566,4,sweeping,sw,none,na,context
567,4,sweeps,sw,none,d,passage
568,4,sweeps,sw,none,na,context
569,4,swim,sw,none,d,passage
570,4,swim,sw,none,na,context
571,4,swoon,sw,none,n,passage
572,4,swoon,sw,none,na,context
573,4,thrashing,θr,none,z,passage
574,4,thrashing,θr,none,na,context
575,4,thread,θr,none,r,passage
576,4,thread,θr,none,na,context
577,4,three,θr,none,m,passage
578,4,three,θr,none,na,context
579,4,throttle,θr,none,z,passage
580,4,throttle,θr,none,na,context
581,4,trot,tr,na,z,passage
582,4,trot,tr,none,na,context
583,4,tweaking,tw,none,n,passage
584,4,tweaking,tw,none,na,context
585,4,twin,tw,none,r,passage
586,4,twin,tw,none,na,context
587,4,twitches,tw,none,n,passage
588,4,twitches,tw,none,na,context
589,5,beautiful,bj,none,r,passage
590,5,beautiful,bj,na,na,context
591,5,breeze,br,none,e,passage
592,5,breeze,br,na,na,context
593,5,bring,br,none,r,passage
594,5,bring,br,na,na,context
595,5,brings,br,none,r,passage
596,5,brings,br,na,na,context
597,5,brother,br,none,n,passage
598,5,brother,br,na,na,context
599,5,bugle,bj,none,f,passage
600,5,bugle,bj,na,na,context
601,5,clean,kl,none,n,passage
602,5,clean,kl,na,na,context
603,5,creek,kr,none,r,passage
604,5,creek,kr,na,na,context
605,5,cute,kj,none,e,passage
606,5,cute,kj,na,na,context
607,5,dreaming,dr,none,p,passage
608,5,dreaming,dr,na,na,context
609,5,drink,dr,none,i,passage
610,5,drink,dr,na,na,context
611,5,dwarf,dw,none,e,passage
612,5,dwarf,dw,na,na,context
613,5,dwayne,dw,none,na,passage
614,5,dwayne,dw,na,na,context
615,5,flickering,fl,none,t,passage
616,5,flickering,fl,na,na,context
617,5,flock,fl,none,e,passage
618,5,flock,fl,na,na,context
619,5,floor,fl,none,i,passage
620,5,floor,fl,na,na,context
621,5,fly,fl,none,s,passage
622,5,fly,fl,na,na,context
623,5,flying,fl,none,s,passage
624,5,flying,fl,na,na,context
625,5,freaks,fr,none,i,passage
626,5,freaks,fr,na,na,context
627,5,gloves,gl,none,l,passage
628,5,gloves,gl,na,na,context
629,5,grabs,gr,none,d,passage
630,5,grabs,gr,na,na,context
631,5,ground,gr,none,e,passage
632,5,ground,gr,na,na,context
633,5,place,pl,none,u,passage
634,5,place,pl,na,na,context
635,5,please,pl,none,na,passage
636,5,please,pl,na,na,context
637,5,plethora,pl,none,e,passage
638,5,plethora,pl,na,na,context
639,5,quacks,kw,none,d,passage
640,5,quacks,kw,na,na,context
641,5,queen,kw,none,e,passage
642,5,queen,kw,na,na,context
643,5,quickly,kw,none,r,passage
644,5,quickly,kw,na,na,context
645,5,scarlett,sk,none,k,passage
646,5,scarlett,sk,na,na,context
647,5,scoop,sk,none,n,passage
648,5,scoop,sk,na,na,context
649,5,skeptical,sk,none,z,passage
650,5,skeptical,sk,na,na,context
651,5,skin,sk,none,z,passage
652,5,skin,sk,na,na,context
653,5,skip,sk,none,n,passage
654,5,skip,sk,na,na,context
655,5,sleep,sl,none,d,passage
656,5,sleep,sl,na,na,context
657,5,slips,sl,none,u,passage
658,5,slips,sl,na,na,context
659,5,sloth,sl,none,l,passage
660,5,sloth,sl,na,na,context
661,5,slouched,sl,none,z,passage
662,5,slouched,sl,na,na,context
663,5,slow,sl,none,t,passage
664,5,slow,sl,na,na,context
665,5,slugs,sl,none,i,passage
666,5,slugs,sl,na,na,context
667,5,smacked,sm,none,t,passage
668,5,smacked,sm,na,na,context
669,5,small,sm,none,s,passage
670,5,small,sm,none,r,passage
671,5,small,sm,na,na,context
672,5,small,sm,na,na,context
673,5,smelling,sm,none,z,passage
674,5,smelling,sm,na,na,context
675,5,smiles,sm,none,p,passage
676,5,smiles,sm,na,na,context
677,5,smith,sm,none,na,passage
678,5,smith,sm,na,na,context
679,5,smog,sm,none,k,passage
680,5,smog,sm,na,na,context
681,5,snag,sn,none,d,passage
682,5,snag,sn,na,na,context
683,5,snaps,sn,none,n,passage
684,5,snaps,sn,na,na,context
685,5,snatch,sn,none,n,passage
686,5,snatch,sn,na,na,context
687,5,sniffs,sn,none,o,passage
688,5,sniffs,sn,na,na,context
689,5,snips,sn,none,i,passage
690,5,snips,sn,na,na,context
691,5,snoops,sn,none,d,passage
692,5,snoops,sn,na,na,context
693,5,snow,sn,none,e,passage
694,5,snow,sn,na,na,context
695,5,spark,sp,none,g,passage
696,5,spark,sp,na,na,context
697,5,speed,sp,none,l,passage
698,5,speed,sp,na,na,context
699,5,spreading,sp,none,l,passage
700,5,spreading,sp,na,na,context
701,5,start,st,none,d,passage
702,5,start,st,na,na,context
703,5,starts,st,none,s,passage
704,5,starts,st,none,d,passage
705,5,starts,st,na,na,context
706,5,steps,st,none,n,passage
707,5,steps,st,na,na,context
708,5,stop,st,none,t,passage
709,5,stop,st,na,na,context
710,5,swats,sw,none,d,passage
711,5,swats,sw,na,na,context
712,5,sweeping,sw,none,z,passage
713,5,sweeping,sw,na,na,context
714,5,sweeps,sw,none,d,passage
715,5,sweeps,sw,na,na,context
716,5,swim,sw,none,d,passage
717,5,swim,sw,na,na,context
718,5,swoon,sw,none,n,passage
719,5,swoon,sw,na,na,context
720,5,thrashing,θr,none,z,passage
721,5,thrashing,θr,na,na,context
722,5,thread,θr,none,r,passage
723,5,thread,θr,na,na,context
724,5,three,θr,none,m,passage
725,5,three,θr,na,na,context
726,5,throttle,θr,none,z,passage
727,5,throttle,θr,na,na,context
728,5,trot,tr,none,z,passage
729,5,trot,tr,na,na,context
730,5,tweaking,tw,none,n,passage
731,5,tweaking,tw,na,na,context
732,5,twin,tw,none,r,passage
733,5,twin,tw,na,na,context
734,5,twitches,tw,none,n,passage
735,5,twitches,tw,na,na,context
736,6,beautiful,bj,none,r,passage
737,6,beautiful,bj,na,na,context
738,6,breeze,br,none,e,passage
739,6,breeze,br,na,na,context
740,6,bring,br,none,r,passage
741,6,bring,br,na,na,context
742,6,brings,br,none,r,passage
743,6,brings,br,na,na,context
744,6,brother,br,none,n,passage
745,6,brother,br,na,na,context
746,6,bugle,bj,na,f,passage
747,6,bugle,bj,na,na,context
748,6,clean,kl,none,n,passage
749,6,clean,kl,na,na,context
750,6,creek,kr,none,r,passage
751,6,creek,kr,na,na,context
752,6,cute,kj,none,e,passage
753,6,cute,kj,na,na,context
754,6,dreaming,dr,none,p,passage
755,6,dreaming,dr,na,na,context
756,6,drink,dr,none,i,passage
757,6,drink,dr,na,na,context
758,6,dwarf,dw,none,e,passage
759,6,dwarf,dw,na,na,context
760,6,dwayne,dw,none,na,passage
761,6,dwayne,dw,na,na,context
762,6,flickering,fl,none,t,passage
763,6,flickering,fl,na,na,context
764,6,flock,fl,none,e,passage
765,6,flock,fl,na,na,context
766,6,floor,fl,none,i,passage
767,6,floor,fl,na,na,context
768,6,fly,fl,none,s,passage
769,6,fly,fl,na,na,context
770,6,flying,fl,none,s,passage
771,6,flying,fl,na,na,context
772,6,freaks,fr,none,i,passage
773,6,freaks,fr,na,na,context
774,6,gloves,gl,none,l,passage
775,6,gloves,gl,na,na,context
776,6,grabs,gr,none,d,passage
777,6,grabs,gr,na,na,context
778,6,ground,gr,none,e,passage
779,6,ground,gr,na,na,context
780,6,place,pl,none,u,passage
781,6,place,pl,na,na,context
782,6,please,pl,none,na,passage
783,6,please,pl,na,na,context
784,6,plethora,pl,none,e,passage
785,6,plethora,pl,na,na,context
786,6,quacks,kw,none,d,passage
787,6,quacks,kw,na,na,context
788,6,queen,kw,none,e,passage
789,6,queen,kw,na,na,context
790,6,quickly,kw,none,r,passage
791,6,quickly,kw,na,na,context
792,6,scarlett,sk,prothesis,k,passage
793,6,scarlett,sk,na,na,context
794,6,scoop,sk,none,n,passage
795,6,scoop,sk,na,na,context
796,6,skeptical,sk,none,z,passage
797,6,skeptical,sk,na,na,context
798,6,skin,sk,prothesis,z,passage
799,6,skin,sk,na,na,context
800,6,skip,sk,none,n,passage
801,6,skip,sk,na,na,context
802,6,sleep,sl,none,d,passage
803,6,sleep,sl,na,na,context
804,6,slips,sl,none,u,passage
805,6,slips,sl,na,na,context
806,6,sloth,sl,prothesis,l,passage
807,6,sloth,sl,na,na,context
808,6,slouched,sl,none,z,passage
809,6,slouched,sl,na,na,context
810,6,slow,sl,none,t,passage
811,6,slow,sl,na,na,context
812,6,slugs,sl,none,i,passage
813,6,slugs,sl,na,na,context
814,6,smacked,sm,none,t,passage
815,6,smacked,sm,na,na,context
816,6,small,sm,none,s,passage
817,6,small,sm,none,r,passage
818,6,small,sm,na,na,context
819,6,small,sm,na,na,context
820,6,smelling,sm,none,z,passage
821,6,smelling,sm,na,na,context
822,6,smiles,sm,none,p,passage
823,6,smiles,sm,na,na,context
824,6,smith,sm,none,na,passage
825,6,smith,sm,na,na,context
826,6,smog,sm,none,k,passage
827,6,smog,sm,na,na,context
828,6,snag,sn,none,d,passage
829,6,snag,sn,na,na,context
830,6,snaps,sn,none,n,passage
831,6,snaps,sn,na,na,context
832,6,snatch,sn,none,n,passage
833,6,snatch,sn,na,na,context
834,6,sniffs,sn,none,o,passage
835,6,sniffs,sn,na,na,context
836,6,snips,sn,prothesis,i,passage
837,6,snips,sn,na,na,context
838,6,snoops,sn,none,d,passage
839,6,snoops,sn,na,na,context
840,6,snow,sn,none,e,passage
841,6,snow,sn,na,na,context
842,6,spark,sp,none,g,passage
843,6,spark,sp,na,na,context
844,6,speed,sp,prothesis,l,passage
845,6,speed,sp,na,na,context
846,6,spreading,sp,prothesis,l,passage
847,6,spreading,sp,na,na,context
848,6,start,st,none,d,passage
849,6,start,st,na,na,context
850,6,starts,st,none,s,passage
851,6,starts,st,none,d,passage
852,6,starts,st,na,na,context
853,6,steps,st,none,n,passage
854,6,steps,st,na,na,context
855,6,stop,st,none,t,passage
856,6,stop,st,na,na,context
857,6,swats,sw,none,d,passage
858,6,swats,sw,na,na,context
859,6,sweeping,sw,none,z,passage
860,6,sweeping,sw,na,na,context
861,6,sweeps,sw,none,d,passage
862,6,sweeps,sw,na,na,context
863,6,swim,sw,prothesis,d,passage
864,6,swim,sw,na,na,context
865,6,swoon,sw,prothesis,n,passage
866,6,swoon,sw,na,na,context
867,6,thrashing,θr,none,z,passage
868,6,thrashing,θr,na,na,context
869,6,thread,θr,none,r,passage
870,6,thread,θr,na,na,context
871,6,three,θr,none,m,passage
872,6,three,θr,na,na,context
873,6,throttle,θr,none,z,passage
874,6,throttle,θr,na,na,context
875,6,trot,tr,none,z,passage
876,6,trot,tr,na,na,context
877,6,tweaking,tw,none,n,passage
878,6,tweaking,tw,na,na,context
879,6,twin,tw,none,r,passage
880,6,twin,tw,na,na,context
881,6,twitches,tw,none,n,passage
882,6,twitches,tw,na,na,context
883,7,beautiful,bj,none,r,passage
884,7,beautiful,bj,na,na,context
885,7,breeze,br,anaptyxis,e,passage
886,7,breeze,br,na,na,context
887,7,bring,br,anaptyxis,r,passage
888,7,bring,br,na,na,context
889,7,brings,br,anaptyxis,r,passage
890,7,brings,br,na,na,context
891,7,brother,br,anaptyxis,n,passage
892,7,brother,br,na,na,context
893,7,bugle,bj,na,f,passage
894,7,bugle,bj,na,na,context
895,7,clean,kl,anaptyxis,n,passage
896,7,clean,kl,na,na,context
897,7,creek,kr,anaptyxis,r,passage
898,7,creek,kr,na,na,context
899,7,cute,kj,none,e,passage
900,7,cute,kj,na,na,context
901,7,dreaming,dr,anaptyxis,p,passage
902,7,dreaming,dr,na,na,context
903,7,drink,dr,none,i,passage
904,7,drink,dr,na,na,context
905,7,dwarf,dw,none,e,passage
906,7,dwarf,dw,na,na,context
907,7,dwayne,dw,na,na,passage
908,7,dwayne,dw,na,na,context
909,7,flickering,fl,anaptyxis,t,passage
910,7,flickering,fl,na,na,context
911,7,flock,fl,na,e,passage
912,7,flock,fl,na,na,context
913,7,floor,fl,anaptyxis,i,passage
914,7,floor,fl,na,na,context
915,7,fly,fl,anaptyxis,s,passage
916,7,fly,fl,na,na,context
917,7,flying,fl,anaptyxis,s,passage
918,7,flying,fl,na,na,context
919,7,freaks,fr,anaptyxis,i,passage
920,7,freaks,fr,na,na,context
921,7,gloves,gl,anaptyxis,l,passage
922,7,gloves,gl,na,na,context
923,7,grabs,gr,anaptyxis,d,passage
924,7,grabs,gr,na,na,context
925,7,ground,gr,anaptyxis,e,passage
926,7,ground,gr,na,na,context
927,7,place,pl,prothesis,u,passage
928,7,place,pl,na,na,context
929,7,please,pl,anaptyxis,na,passage
930,7,please,pl,na,na,context
931,7,plethora,pl,anaptyxis,e,passage
932,7,plethora,pl,na,na,context
933,7,quacks,kw,none,d,passage
934,7,quacks,kw,na,na,context
935,7,queen,kw,none,e,passage
936,7,queen,kw,na,na,context
937,7,quickly,kw,none,r,passage
938,7,quickly,kw,na,na,context
939,7,scarlett,sk,prothesis,k,passage
940,7,scarlett,sk,na,na,context
941,7,scoop,sk,prothesis,n,passage
942,7,scoop,sk,na,na,context
943,7,skeptical,sk,prothesis,z,passage
944,7,skeptical,sk,na,na,context
945,7,skin,sk,prothesis,z,passage
946,7,skin,sk,na,na,context
947,7,skip,sk,prothesis,n,passage
948,7,skip,sk,na,na,context
949,7,sleep,sl,prothesis,d,passage
950,7,sleep,sl,na,na,context
951,7,slips,sl,prothesis,u,passage
952,7,slips,sl,na,na,context
953,7,sloth,sl,prothesis,l,passage
954,7,sloth,sl,na,na,context
955,7,slouched,sl,none,z,passage
956,7,slouched,sl,na,na,context
957,7,slow,sl,prothesis,t,passage
958,7,slow,sl,na,na,context
959,7,slugs,sl,prothesis,i,passage
960,7,slugs,sl,na,na,context
961,7,smacked,sm,prothesis,t,passage
962,7,smacked,sm,na,na,context
963,7,small,sm,prothesis,s,passage
964,7,small,sm,prothesis,r,passage
965,7,small,sm,na,na,context
966,7,small,sm,na,na,context
967,7,smelling,sm,prothesis,z,passage
968,7,smelling,sm,na,na,context
969,7,smiles,sm,prothesis,p,passage
970,7,smiles,sm,na,na,context
971,7,smith,sm,none,na,passage
972,7,smith,sm,na,na,context
973,7,smog,sm,none,k,passage
974,7,smog,sm,na,na,context
975,7,snag,sn,prothesis,d,passage
976,7,snag,sn,na,na,context
977,7,snaps,sn,prothesis,n,passage
978,7,snaps,sn,na,na,context
979,7,snatch,sn,prothesis,n,passage
980,7,snatch,sn,na,na,context
981,7,sniffs,sn,prothesis,o,passage
982,7,sniffs,sn,na,na,context
983,7,snips,sn,none,i,passage
984,7,snips,sn,na,na,context
985,7,snoops,sn,prothesis,d,passage
986,7,snoops,sn,na,na,context
987,7,snow,sn,prothesis,e,passage
988,7,snow,sn,na,na,context
989,7,spark,sp,prothesis,g,passage
990,7,spark,sp,na,na,context
991,7,speed,sp,prothesis,l,passage
992,7,speed,sp,na,na,context
993,7,spreading,sp,prothesis,l,passage
994,7,spreading,sp,na,na,context
995,7,start,st,prothesis,d,passage
996,7,start,st,na,na,context
997,7,starts,st,prothesis,s,passage
998,7,starts,st,prothesis,d,passage
999,7,starts,st,na,na,context
1000,7,steps,st,prothesis,n,passage
1001,7,steps,st,na,na,context
1002,7,stop,st,prothesis,t,passage
1003,7,stop,st,na,na,context
1004,7,swats,sw,none,d,passage
1005,7,swats,sw,na,na,context
1006,7,sweeping,sw,anaptyxis,z,passage
1007,7,sweeping,sw,na,na,context
1008,7,sweeps,sw,none,d,passage
1009,7,sweeps,sw,na,na,context
1010,7,swim,sw,none,d,passage
1011,7,swim,sw,na,na,context
1012,7,swoon,sw,none,n,passage
1013,7,swoon,sw,na,na,context
1014,7,thrashing,θr,anaptyxis,z,passage
1015,7,thrashing,θr,na,na,context
1016,7,thread,θr,anaptyxis,r,passage
1017,7,thread,θr,na,na,context
1018,7,three,θr,anaptyxis,m,passage
1019,7,three,θr,na,na,context
1020,7,throttle,θr,none,z,passage
1021,7,throttle,θr,na,na,context
1022,7,trot,tr,none,z,passage
1023,7,trot,tr,na,na,context
1024,7,tweaking,tw,none,n,passage
1025,7,tweaking,tw,na,na,context
1026,7,twin,tw,anaptyxis,r,passage
1027,7,twin,tw,na,na,context
1028,7,twitches,tw,anaptyxis,n,passage
1029,7,twitches,tw,na,na,context
1030,8,beautiful,bj,na,r,passage
1031,8,beautiful,bj,none,na,context
1032,8,breeze,br,na,e,passage
1033,8,breeze,br,anaptyxis,na,context
1034,8,bring,br,na,r,passage
1035,8,bring,br,anaptyxis,na,context
1036,8,brings,br,na,r,passage
1037,8,brings,br,anaptyxis,na,context
1038,8,brother,br,na,n,passage
1039,8,brother,br,anaptyxis,na,context
1040,8,bugle,bj,na,f,passage
1041,8,bugle,bj,na,na,context
1042,8,clean,kl,na,n,passage
1043,8,clean,kl,anaptyxis,na,context
1044,8,creek,kr,na,r,passage
1045,8,creek,kr,anaptyxis,na,context
1046,8,cute,kj,na,e,passage
1047,8,cute,kj,none,na,context
1048,8,dreaming,dr,na,p,passage
1049,8,dreaming,dr,anaptyxis,na,context
1050,8,drink,dr,na,i,passage
1051,8,drink,dr,anaptyxis,na,context
1052,8,dwarf,dw,na,e,passage
1053,8,dwarf,dw,na,na,context
1054,8,dwayne,dw,na,na,passage
1055,8,dwayne,dw,na,na,context
1056,8,flickering,fl,na,t,passage
1057,8,flickering,fl,anaptyxis,na,context
1058,8,flock,fl,na,e,passage
1059,8,flock,fl,anaptyxis,na,context
1060,8,floor,fl,na,i,passage
1061,8,floor,fl,anaptyxis,na,context
1062,8,fly,fl,na,s,passage
1063,8,fly,fl,anaptyxis,na,context
1064,8,flying,fl,na,s,passage
1065,8,flying,fl,anaptyxis,na,context
1066,8,freaks,fr,na,i,passage
1067,8,freaks,fr,anaptyxis,na,context
1068,8,gloves,gl,na,l,passage
1069,8,gloves,gl,anaptyxis,na,context
1070,8,grabs,gr,na,d,passage
1071,8,grabs,gr,anaptyxis,na,context
1072,8,ground,gr,na,e,passage
1073,8,ground,gr,anaptyxis,na,context
1074,8,place,pl,na,u,passage
1075,8,place,pl,anaptyxis,na,context
1076,8,please,pl,na,na,passage
1077,8,please,pl,anaptyxis,na,context
1078,8,plethora,pl,na,e,passage
1079,8,plethora,pl,anaptyxis,na,context
1080,8,quacks,kw,na,d,passage
1081,8,quacks,kw,anaptyxis,na,context
1082,8,queen,kw,na,e,passage
1083,8,queen,kw,none,na,context
1084,8,quickly,kw,na,r,passage
1085,8,quickly,kw,none,na,context
1086,8,scarlett,sk,na,k,passage
1087,8,scarlett,sk,prothesis,na,context
1088,8,scoop,sk,na,n,passage
1089,8,scoop,sk,prothesis,na,context
1090,8,skeptical,sk,na,z,passage
1091,8,skeptical,sk,prothesis,na,context
1092,8,skin,sk,na,z,passage
1093,8,skin,sk,prothesis,na,context
1094,8,skip,sk,na,n,passage
1095,8,skip,sk,prothesis,na,context
1096,8,sleep,sl,na,d,passage
1097,8,sleep,sl,prothesis,na,context
1098,8,slips,sl,na,u,passage
1099,8,slips,sl,prothesis,na,context
1100,8,sloth,sl,na,l,passage
1101,8,sloth,sl,prothesis,na,context
1102,8,slouched,sl,na,z,passage
1103,8,slouched,sl,prothesis,na,context
1104,8,slow,sl,na,t,passage
1105,8,slow,sl,prothesis,na,context
1106,8,slugs,sl,na,i,passage
1107,8,slugs,sl,prothesis,na,context
1108,8,smacked,sm,na,t,passage
1109,8,smacked,sm,prothesis,na,context
1110,8,small,sm,na,s,passage
1111,8,small,sm,na,r,passage
1112,8,small,sm,prothesis,na,context
1113,8,small,sm,prothesis,na,context
1114,8,smelling,sm,na,z,passage
1115,8,smelling,sm,prothesis,na,context
1116,8,smiles,sm,na,p,passage
1117,8,smiles,sm,prothesis,na,context
1118,8,smith,sm,na,na,passage
1119,8,smith,sm,prothesis,na,context
1120,8,smog,sm,na,k,passage
1121,8,smog,sm,prothesis,na,context
1122,8,snag,sn,na,d,passage
1123,8,snag,sn,prothesis,na,context
1124,8,snaps,sn,na,n,passage
1125,8,snaps,sn,prothesis,na,context
1126,8,snatch,sn,na,n,passage
1127,8,snatch,sn,prothesis,na,context
1128,8,sniffs,sn,na,o,passage
1129,8,sniffs,sn,prothesis,na,context
1130,8,snips,sn,na,i,passage
1131,8,snips,sn,prothesis,na,context
1132,8,snoops,sn,na,d,passage
1133,8,snoops,sn,prothesis,na,context
1134,8,snow,sn,na,e,passage
1135,8,snow,sn,prothesis,na,context
1136,8,spark,sp,na,g,passage
1137,8,spark,sp,prothesis,na,context
1138,8,speed,sp,na,l,passage
1139,8,speed,sp,prothesis,na,context
1140,8,spreading,sp,na,l,passage
1141,8,spreading,sp,prothesis,na,context
1142,8,start,st,na,d,passage
1143,8,start,st,prothesis,na,context
1144,8,starts,st,na,s,passage
1145,8,starts,st,na,d,passage
1146,8,starts,st,prothesis,na,context
1147,8,steps,st,na,n,passage
1148,8,steps,st,prothesis,na,context
1149,8,stop,st,na,t,passage
1150,8,stop,st,prothesis,na,context
1151,8,swats,sw,na,d,passage
1152,8,swats,sw,none,na,context
1153,8,sweeping,sw,na,z,passage
1154,8,sweeping,sw,none,na,context
1155,8,sweeps,sw,na,d,passage
1156,8,sweeps,sw,none,na,context
1157,8,swim,sw,na,d,passage
1158,8,swim,sw,none,na,context
1159,8,swoon,sw,na,n,passage
1160,8,swoon,sw,none,na,context
1161,8,thrashing,θr,na,z,passage
1162,8,thrashing,θr,anaptyxis,na,context
1163,8,thread,θr,na,r,passage
1164,8,thread,θr,anaptyxis,na,context
1165,8,three,θr,na,m,passage
1166,8,three,θr,anaptyxis,na,context
1167,8,throttle,θr,na,z,passage
1168,8,throttle,θr,anaptyxis,na,context
1169,8,trot,tr,na,z,passage
1170,8,trot,tr,anaptyxis,na,context
1171,8,tweaking,tw,na,n,passage
1172,8,tweaking,tw,anaptyxis,na,context
1173,8,twin,tw,na,r,passage
1174,8,twin,tw,none,na,context
1175,8,twitches,tw,na,n,passage
1176,8,twitches,tw,none,na,context
1177,9,beautiful,bj,none,r,passage
1178,9,beautiful,bj,none,na,context
1179,9,breeze,br,none,e,passage
1180,9,breeze,br,none,na,context
1181,9,bring,br,none,r,passage
1182,9,bring,br,none,na,context
1183,9,brings,br,none,r,passage
1184,9,brings,br,none,na,context
1185,9,brother,br,none,n,passage
1186,9,brother,br,none,na,context
1187,9,bugle,bj,na,f,passage
1188,9,bugle,bj,none,na,context
1189,9,clean,kl,none,n,passage
1190,9,clean,kl,none,na,context
1191,9,creek,kr,none,r,passage
1192,9,creek,kr,none,na,context
1193,9,cute,kj,none,e,passage
1194,9,cute,kj,none,na,context
1195,9,dreaming,dr,none,p,passage
1196,9,dreaming,dr,none,na,context
1197,9,drink,dr,none,i,passage
1198,9,drink,dr,none,na,context
1199,9,dwarf,dw,none,e,passage
1200,9,dwarf,dw,none,na,context
1201,9,dwayne,dw,na,na,passage
1202,9,dwayne,dw,na,na,context
1203,9,flickering,fl,none,t,passage
1204,9,flickering,fl,none,na,context
1205,9,flock,fl,none,e,passage
1206,9,flock,fl,none,na,context
1207,9,floor,fl,none,i,passage
1208,9,floor,fl,none,na,context
1209,9,fly,fl,none,s,passage
1210,9,fly,fl,none,na,context
1211,9,flying,fl,none,s,passage
1212,9,flying,fl,none,na,context
1213,9,freaks,fr,none,i,passage
1214,9,freaks,fr,none,na,context
1215,9,gloves,gl,none,l,passage
1216,9,gloves,gl,none,na,context
1217,9,grabs,gr,none,d,passage
1218,9,grabs,gr,none,na,context
1219,9,ground,gr,none,e,passage
1220,9,ground,gr,none,na,context
1221,9,place,pl,none,u,passage
1222,9,place,pl,none,na,context
1223,9,please,pl,none,na,passage
1224,9,please,pl,none,na,context
1225,9,plethora,pl,none,e,passage
1226,9,plethora,pl,none,na,context
1227,9,quacks,kw,none,d,passage
1228,9,quacks,kw,none,na,context
1229,9,queen,kw,none,e,passage
1230,9,queen,kw,none,na,context
1231,9,quickly,kw,none,r,passage
1232,9,quickly,kw,none,na,context
1233,9,scarlett,sk,prothesis,k,passage
1234,9,scarlett,sk,prothesis,na,context
1235,9,scoop,sk,none,n,passage
1236,9,scoop,sk,prothesis,na,context
1237,9,skeptical,sk,prothesis,z,passage
1238,9,skeptical,sk,none,na,context
1239,9,skin,sk,prothesis,z,passage
1240,9,skin,sk,none,na,context
1241,9,skip,sk,prothesis,n,passage
1242,9,skip,sk,none,na,context
1243,9,sleep,sl,none,d,passage
1244,9,sleep,sl,none,na,context
1245,9,slips,sl,prothesis,u,passage
1246,9,slips,sl,none,na,context
1247,9,sloth,sl,none,l,passage
1248,9,sloth,sl,none,na,context
1249,9,slouched,sl,prothesis,z,passage
1250,9,slouched,sl,prothesis,na,context
1251,9,slow,sl,prothesis,t,passage
1252,9,slow,sl,none,na,context
1253,9,slugs,sl,prothesis,i,passage
1254,9,slugs,sl,none,na,context
1255,9,smacked,sm,none,t,passage
1256,9,smacked,sm,prothesis,na,context
1257,9,small,sm,none,s,passage
1258,9,small,sm,none,r,passage
1259,9,small,sm,none,na,context
1260,9,small,sm,none,na,context
1261,9,smelling,sm,prothesis,z,passage
1262,9,smelling,sm,none,na,context
1263,9,smiles,sm,none,p,passage
1264,9,smiles,sm,none,na,context
1265,9,smith,sm,prothesis,na,passage
1266,9,smith,sm,none,na,context
1267,9,smog,sm,none,k,passage
1268,9,smog,sm,none,na,context
1269,9,snag,sn,prothesis,d,passage
1270,9,snag,sn,prothesis,na,context
1271,9,snaps,sn,prothesis,n,passage
1272,9,snaps,sn,none,na,context
1273,9,snatch,sn,prothesis,n,passage
1274,9,snatch,sn,none,na,context
1275,9,sniffs,sn,prothesis,o,passage
1276,9,sniffs,sn,none,na,context
1277,9,snips,sn,prothesis,i,passage
1278,9,snips,sn,none,na,context
1279,9,snoops,sn,prothesis,d,passage
1280,9,snoops,sn,none,na,context
1281,9,snow,sn,none,e,passage
1282,9,snow,sn,none,na,context
1283,9,spark,sp,none,g,passage
1284,9,spark,sp,prothesis,na,context
1285,9,speed,sp,prothesis,l,passage
1286,9,speed,sp,prothesis,na,context
1287,9,spreading,sp,prothesis,l,passage
1288,9,spreading,sp,none,na,context
1289,9,start,st,prothesis,d,passage
1290,9,start,st,none,na,context
1291,9,starts,st,prothesis,s,passage
1292,9,starts,st,none,d,passage
1293,9,starts,st,prothesis,na,context
1294,9,steps,st,none,n,passage
1295,9,steps,st,none,na,context
1296,9,stop,st,prothesis,t,passage
1297,9,stop,st,none,na,context
1298,9,swats,sw,none,d,passage
1299,9,swats,sw,none,na,context
1300,9,sweeping,sw,none,z,passage
1301,9,sweeping,sw,prothesis,na,context
1302,9,sweeps,sw,none,d,passage
1303,9,sweeps,sw,none,na,context
1304,9,swim,sw,none,d,passage
1305,9,swim,sw,none,na,context
1306,9,swoon,sw,none,n,passage
1307,9,swoon,sw,none,na,context
1308,9,thrashing,θr,none,z,passage
1309,9,thrashing,θr,none,na,context
1310,9,thread,θr,none,r,passage
1311,9,thread,θr,none,na,context
1312,9,three,θr,none,m,passage
1313,9,three,θr,none,na,context
1314,9,throttle,θr,none,z,passage
1315,9,throttle,θr,none,na,context
1316,9,trot,tr,none,z,passage
1317,9,trot,tr,none,na,context
1318,9,tweaking,tw,none,n,passage
1319,9,tweaking,tw,none,na,context
1320,9,twin,tw,none,r,passage
1321,9,twin,tw,none,na,context
1322,9,twitches,tw,none,n,passage
1323,9,twitches,tw,none,na,context
1324,10,beautiful,bj,none,r,passage
1325,10,beautiful,bj,none,na,context
1326,10,breeze,br,none,e,passage
1327,10,breeze,br,none,na,context
1328,10,bring,br,none,r,passage
1329,10,bring,br,none,na,context
1330,10,brings,br,none,r,passage
1331,10,brings,br,none,na,context
1332,10,brother,br,none,n,passage
1333,10,brother,br,none,na,context
1334,10,bugle,bj,none,f,passage
1335,10,bugle,bj,none,na,context
1336,10,clean,kl,none,n,passage
1337,10,clean,kl,none,na,context
1338,10,creek,kr,none,r,passage
1339,10,creek,kr,none,na,context
1340,10,cute,kj,none,e,passage
1341,10,cute,kj,none,na,context
1342,10,dreaming,dr,none,p,passage
1343,10,dreaming,dr,none,na,context
1344,10,drink,dr,none,i,passage
1345,10,drink,dr,none,na,context
1346,10,dwarf,dw,none,e,passage
1347,10,dwarf,dw,none,na,context
1348,10,dwayne,dw,none,na,passage
1349,10,dwayne,dw,none,na,context
1350,10,flickering,fl,none,t,passage
1351,10,flickering,fl,none,na,context
1352,10,flock,fl,none,e,passage
1353,10,flock,fl,none,na,context
1354,10,floor,fl,none,i,passage
1355,10,floor,fl,none,na,context
1356,10,fly,fl,none,s,passage
1357,10,fly,fl,none,na,context
1358,10,flying,fl,none,s,passage
1359,10,flying,fl,none,na,context
1360,10,freaks,fr,none,i,passage
1361,10,freaks,fr,none,na,context
1362,10,gloves,gl,none,l,passage
1363,10,gloves,gl,none,na,context
1364,10,grabs,gr,none,d,passage
1365,10,grabs,gr,none,na,context
1366,10,ground,gr,none,e,passage
1367,10,ground,gr,none,na,context
1368,10,place,pl,none,u,passage
1369,10,place,pl,none,na,context
1370,10,please,pl,none,na,passage
1371,10,please,pl,none,na,context
1372,10,plethora,pl,none,e,passage
1373,10,plethora,pl,none,na,context
1374,10,quacks,kw,none,d,passage
1375,10,quacks,kw,none,na,context
1376,10,queen,kw,none,e,passage
1377,10,queen,kw,none,na,context
1378,10,quickly,kw,none,r,passage
1379,10,quickly,kw,none,na,context
1380,10,scarlett,sk,none,k,passage
1381,10,scarlett,sk,none,na,context
1382,10,scoop,sk,none,n,passage
1383,10,scoop,sk,none,na,context
1384,10,skeptical,sk,none,z,passage
1385,10,skeptical,sk,none,na,context
1386,10,skin,sk,none,z,passage
1387,10,skin,sk,none,na,context
1388,10,skip,sk,none,n,passage
1389,10,skip,sk,none,na,context
1390,10,sleep,sl,none,d,passage
1391,10,sleep,sl,none,na,context
1392,10,slips,sl,none,u,passage
1393,10,slips,sl,none,na,context
1394,10,sloth,sl,none,l,passage
1395,10,sloth,sl,none,na,context
1396,10,slouched,sl,none,z,passage
1397,10,slouched,sl,none,na,context
1398,10,slow,sl,none,t,passage
1399,10,slow,sl,none,na,context
1400,10,slugs,sl,none,i,passage
1401,10,slugs,sl,none,na,context
1402,10,smacked,sm,none,t,passage
1403,10,smacked,sm,none,na,context
1404,10,small,sm,none,s,passage
1405,10,small,sm,none,r,passage
1406,10,small,sm,none,na,context
1407,10,small,sm,none,na,context
1408,10,smelling,sm,none,z,passage
1409,10,smelling,sm,none,na,context
1410,10,smiles,sm,none,p,passage
1411,10,smiles,sm,none,na,context
1412,10,smith,sm,none,na,passage
1413,10,smith,sm,none,na,context
1414,10,smog,sm,none,k,passage
1415,10,smog,sm,none,na,context
1416,10,snag,sn,none,d,passage
1417,10,snag,sn,none,na,context
1418,10,snaps,sn,none,n,passage
1419,10,snaps,sn,none,na,context
1420,10,snatch,sn,none,n,passage
1421,10,snatch,sn,none,na,context
1422,10,sniffs,sn,none,o,passage
1423,10,sniffs,sn,none,na,context
1424,10,snips,sn,none,i,passage
1425,10,snips,sn,none,na,context
1426,10,snoops,sn,none,d,passage
1427,10,snoops,sn,none,na,context
1428,10,snow,sn,none,e,passage
1429,10,snow,sn,none,na,context
1430,10,spark,sp,none,g,passage
1431,10,spark,sp,none,na,context
1432,10,speed,sp,none,l,passage
1433,10,speed,sp,none,na,context
1434,10,spreading,sp,none,l,passage
1435,10,spreading,sp,none,na,context
1436,10,start,st,none,d,passage
1437,10,start,st,none,na,context
1438,10,starts,st,none,s,passage
1439,10,starts,st,none,d,passage
1440,10,starts,st,none,na,context
1441,10,steps,st,none,n,passage
1442,10,steps,st,none,na,context
1443,10,stop,st,none,t,passage
1444,10,stop,st,none,na,context
1445,10,swats,sw,none,d,passage
1446,10,swats,sw,none,na,context
1447,10,sweeping,sw,none,z,passage
1448,10,sweeping,sw,none,na,context
1449,10,sweeps,sw,none,d,passage
1450,10,sweeps,sw,none,na,context
1451,10,swim,sw,none,d,passage
1452,10,swim,sw,none,na,context
1453,10,swoon,sw,none,n,passage
1454,10,swoon,sw,none,na,context
1455,10,thrashing,θr,none,z,passage
1456,10,thrashing,θr,none,na,context
1457,10,thread,θr,none,r,passage
1458,10,thread,θr,none,na,context
1459,10,three,θr,none,m,passage
1460,10,three,θr,none,na,context
1461,10,throttle,θr,none,z,passage
1462,10,throttle,θr,none,na,context
1463,10,trot,tr,none,z,passage
1464,10,trot,tr,none,na,context
1465,10,tweaking,tw,none,n,passage
1466,10,tweaking,tw,none,na,context
1467,10,twin,tw,none,r,passage
1468,10,twin,tw,none,na,context
1469,10,twitches,tw,none,n,passage
1470,10,twitches,tw,none,na,context
1471,13,beautiful,bj,none,r,passage
1472,13,beautiful,bj,none,na,context
1473,13,breeze,br,none,e,passage
1474,13,breeze,br,none,na,context
1475,13,bring,br,none,r,passage
1476,13,bring,br,none,na,context
1477,13,brings,br,none,r,passage
1478,13,brings,br,none,na,context
1479,13,brother,br,none,n,passage
1480,13,brother,br,none,na,context
1481,13,bugle,bj,none,f,passage
1482,13,bugle,bj,none,na,context
1483,13,clean,kl,none,n,passage
1484,13,clean,kl,none,na,context
1485,13,creek,kr,none,r,passage
1486,13,creek,kr,none,na,context
1487,13,cute,kj,none,e,passage
1488,13,cute,kj,none,na,context
1489,13,dreaming,dr,none,p,passage
1490,13,dreaming,dr,none,na,context
1491,13,drink,dr,none,i,passage
1492,13,drink,dr,none,na,context
1493,13,dwarf,dw,none,e,passage
1494,13,dwarf,dw,none,na,context
1495,13,dwayne,dw,none,na,passage
1496,13,dwayne,dw,none,na,context
1497,13,flickering,fl,none,t,passage
1498,13,flickering,fl,none,na,context
1499,13,flock,fl,none,e,passage
1500,13,flock,fl,none,na,context
1501,13,floor,fl,none,i,passage
1502,13,floor,fl,none,na,context
1503,13,fly,fl,none,s,passage
1504,13,fly,fl,none,na,context
1505,13,flying,fl,none,s,passage
1506,13,flying,fl,none,na,context
1507,13,freaks,fr,none,i,passage
1508,13,freaks,fr,none,na,context
1509,13,gloves,gl,none,l,passage
1510,13,gloves,gl,none,na,context
1511,13,grabs,gr,none,d,passage
1512,13,grabs,gr,none,na,context
1513,13,ground,gr,none,e,passage
1514,13,ground,gr,none,na,context
1515,13,place,pl,none,u,passage
1516,13,place,pl,none,na,context
1517,13,please,pl,none,na,passage
1518,13,please,pl,none,na,context
1519,13,plethora,pl,none,e,passage
1520,13,plethora,pl,none,na,context
1521,13,quacks,kw,none,d,passage
1522,13,quacks,kw,none,na,context
1523,13,queen,kw,none,e,passage
1524,13,queen,kw,none,na,context
1525,13,quickly,kw,none,r,passage
1526,13,quickly,kw,none,na,context
1527,13,scarlett,sk,none,k,passage
1528,13,scarlett,sk,none,na,context
1529,13,scoop,sk,none,n,passage
1530,13,scoop,sk,none,na,context
1531,13,skeptical,sk,none,z,passage
1532,13,skeptical,sk,none,na,context
1533,13,skin,sk,none,z,passage
1534,13,skin,sk,none,na,context
1535,13,skip,sk,none,n,passage
1536,13,skip,sk,none,na,context
1537,13,sleep,sl,none,d,passage
1538,13,sleep,sl,none,na,context
1539,13,slips,sl,none,u,passage
1540,13,slips,sl,none,na,context
1541,13,sloth,sl,none,l,passage
1542,13,sloth,sl,none,na,context
1543,13,slouched,sl,none,z,passage
1544,13,slouched,sl,none,na,context
1545,13,slow,sl,none,t,passage
1546,13,slow,sl,none,na,context
1547,13,slugs,sl,none,i,passage
1548,13,slugs,sl,none,na,context
1549,13,smacked,sm,none,t,passage
1550,13,smacked,sm,none,na,context
1551,13,small,sm,none,s,passage
1552,13,small,sm,none,r,passage
1553,13,small,sm,none,na,context
1554,13,small,sm,none,na,context
1555,13,smelling,sm,none,z,passage
1556,13,smelling,sm,none,na,context
1557,13,smiles,sm,none,p,passage
1558,13,smiles,sm,none,na,context
1559,13,smith,sm,none,na,passage
1560,13,smith,sm,none,na,context
1561,13,smog,sm,none,k,passage
1562,13,smog,sm,none,na,context
1563,13,snag,sn,none,d,passage
1564,13,snag,sn,none,na,context
1565,13,snaps,sn,none,n,passage
1566,13,snaps,sn,none,na,context
1567,13,snatch,sn,none,n,passage
1568,13,snatch,sn,none,na,context
1569,13,sniffs,sn,none,o,passage
1570,13,sniffs,sn,none,na,context
1571,13,snips,sn,none,i,passage
1572,13,snips,sn,none,na,context
1573,13,snoops,sn,none,d,passage
1574,13,snoops,sn,none,na,context
1575,13,snow,sn,none,e,passage
1576,13,snow,sn,none,na,context
1577,13,spark,sp,none,g,passage
1578,13,spark,sp,none,na,context
1579,13,speed,sp,none,l,passage
1580,13,speed,sp,none,na,context
1581,13,spreading,sp,none,l,passage
1582,13,spreading,sp,none,na,context
1583,13,start,st,none,d,passage
1584,13,start,st,none,na,context
1585,13,starts,st,none,s,passage
1586,13,starts,st,none,d,passage
1587,13,starts,st,none,na,context
1588,13,steps,st,none,n,passage
1589,13,steps,st,none,na,context
1590,13,stop,st,none,t,passage
1591,13,stop,st,none,na,context
1592,13,swats,sw,none,d,passage
1593,13,swats,sw,none,na,context
1594,13,sweeping,sw,none,z,passage
1595,13,sweeping,sw,none,na,context
1596,13,sweeps,sw,none,d,passage
1597,13,sweeps,sw,none,na,context
1598,13,swim,sw,none,d,passage
1599,13,swim,sw,none,na,context
1600,13,swoon,sw,none,n,passage
1601,13,swoon,sw,none,na,context
1602,13,thrashing,θr,none,z,passage
1603,13,thrashing,θr,none,na,context
1604,13,thread,θr,none,r,passage
1605,13,thread,θr,none,na,context
1606,13,three,θr,none,m,passage
1607,13,three,θr,none,na,context
1608,13,throttle,θr,none,z,passage
1609,13,throttle,θr,none,na,context
1610,13,trot,tr,none,z,passage
1611,13,trot,tr,none,na,context
1612,13,tweaking,tw,none,n,passage
1613,13,tweaking,tw,none,na,context
1614,13,twin,tw,none,r,passage
1615,13,twin,tw,none,na,context
1616,13,twitches,tw,none,n,passage
1617,13,twitches,tw,none,na,context
1618,14,beautiful,bj,none,r,passage
1619,14,beautiful,bj,na,na,context
1620,14,breeze,br,none,e,passage
1621,14,breeze,br,na,na,context
1622,14,bring,br,none,r,passage
1623,14,bring,br,na,na,context
1624,14,brings,br,none,r,passage
1625,14,brings,br,na,na,context
1626,14,brother,br,none,n,passage
1627,14,brother,br,na,na,context
1628,14,bugle,bj,na,f,passage
1629,14,bugle,bj,na,na,context
1630,14,clean,kl,none,n,passage
1631,14,clean,kl,na,na,context
1632,14,creek,kr,none,r,passage
1633,14,creek,kr,na,na,context
1634,14,cute,kj,none,e,passage
1635,14,cute,kj,na,na,context
1636,14,dreaming,dr,none,p,passage
1637,14,dreaming,dr,na,na,context
1638,14,drink,dr,none,i,passage
1639,14,drink,dr,na,na,context
1640,14,dwarf,dw,none,e,passage
1641,14,dwarf,dw,na,na,context
1642,14,dwayne,dw,none,na,passage
1643,14,dwayne,dw,na,na,context
1644,14,flickering,fl,none,t,passage
1645,14,flickering,fl,na,na,context
1646,14,flock,fl,none,e,passage
1647,14,flock,fl,na,na,context
1648,14,floor,fl,none,i,passage
1649,14,floor,fl,na,na,context
1650,14,fly,fl,none,s,passage
1651,14,fly,fl,na,na,context
1652,14,flying,fl,none,s,passage
1653,14,flying,fl,na,na,context
1654,14,freaks,fr,none,i,passage
1655,14,freaks,fr,na,na,context
1656,14,gloves,gl,none,l,passage
1657,14,gloves,gl,na,na,context
1658,14,grabs,gr,none,d,passage
1659,14,grabs,gr,na,na,context
1660,14,ground,gr,none,e,passage
1661,14,ground,gr,na,na,context
1662,14,place,pl,none,u,passage
1663,14,place,pl,na,na,context
1664,14,please,pl,none,na,passage
1665,14,please,pl,na,na,context
1666,14,plethora,pl,none,e,passage
1667,14,plethora,pl,na,na,context
1668,14,quacks,kw,none,d,passage
1669,14,quacks,kw,na,na,context
1670,14,queen,kw,none,e,passage
1671,14,queen,kw,na,na,context
1672,14,quickly,kw,none,r,passage
1673,14,quickly,kw,na,na,context
1674,14,scarlett,sk,none,k,passage
1675,14,scarlett,sk,na,na,context
1676,14,scoop,sk,none,n,passage
1677,14,scoop,sk,na,na,context
1678,14,skeptical,sk,none,z,passage
1679,14,skeptical,sk,na,na,context
1680,14,skin,sk,none,z,passage
1681,14,skin,sk,na,na,context
1682,14,skip,sk,none,n,passage
1683,14,skip,sk,na,na,context
1684,14,sleep,sl,none,d,passage
1685,14,sleep,sl,na,na,context
1686,14,slips,sl,none,u,passage
1687,14,slips,sl,na,na,context
1688,14,sloth,sl,none,l,passage
1689,14,sloth,sl,na,na,context
1690,14,slouched,sl,none,z,passage
1691,14,slouched,sl,na,na,context
1692,14,slow,sl,none,t,passage
1693,14,slow,sl,na,na,context
1694,14,slugs,sl,none,i,passage
1695,14,slugs,sl,na,na,context
1696,14,smacked,sm,none,t,passage
1697,14,smacked,sm,na,na,context
1698,14,small,sm,none,s,passage
1699,14,small,sm,none,r,passage
1700,14,small,sm,na,na,context
1701,14,small,sm,na,na,context
1702,14,smelling,sm,none,z,passage
1703,14,smelling,sm,na,na,context
1704,14,smiles,sm,none,p,passage
1705,14,smiles,sm,na,na,context
1706,14,smith,sm,none,na,passage
1707,14,smith,sm,na,na,context
1708,14,smog,sm,none,k,passage
1709,14,smog,sm,na,na,context
1710,14,snag,sn,none,d,passage
1711,14,snag,sn,na,na,context
1712,14,snaps,sn,none,n,passage
1713,14,snaps,sn,na,na,context
1714,14,snatch,sn,none,n,passage
1715,14,snatch,sn,na,na,context
1716,14,sniffs,sn,none,o,passage
1717,14,sniffs,sn,na,na,context
1718,14,snips,sn,none,i,passage
1719,14,snips,sn,na,na,context
1720,14,snoops,sn,none,d,passage
1721,14,snoops,sn,na,na,context
1722,14,snow,sn,none,e,passage
1723,14,snow,sn,na,na,context
1724,14,spark,sp,none,g,passage
1725,14,spark,sp,na,na,context
1726,14,speed,sp,none,l,passage
1727,14,speed,sp,na,na,context
1728,14,spreading,sp,none,l,passage
1729,14,spreading,sp,na,na,context
1730,14,start,st,none,d,passage
1731,14,start,st,na,na,context
1732,14,starts,st,none,s,passage
1733,14,starts,st,none,d,passage
1734,14,starts,st,na,na,context
1735,14,steps,st,none,n,passage
1736,14,steps,st,na,na,context
1737,14,stop,st,none,t,passage
1738,14,stop,st,na,na,context
1739,14,swats,sw,none,d,passage
1740,14,swats,sw,na,na,context
1741,14,sweeping,sw,none,z,passage
1742,14,sweeping,sw,na,na,context
1743,14,sweeps,sw,none,d,passage
1744,14,sweeps,sw,na,na,context
1745,14,swim,sw,none,d,passage
1746,14,swim,sw,na,na,context
1747,14,swoon,sw,none,n,passage
1748,14,swoon,sw,na,na,context
1749,14,thrashing,θr,none,z,passage
1750,14,thrashing,θr,na,na,context
1751,14,thread,θr,none,r,passage
1752,14,thread,θr,na,na,context
1753,14,three,θr,none,m,passage
1754,14,three,θr,na,na,context
1755,14,throttle,θr,none,z,passage
1756,14,throttle,θr,na,na,context
1757,14,trot,tr,none,z,passage
1758,14,trot,tr,na,na,context
1759,14,tweaking,tw,none,n,passage
1760,14,tweaking,tw,na,na,context
1761,14,twin,tw,none,r,passage
1762,14,twin,tw,na,na,context
1763,14,twitches,tw,none,n,passage
1764,14,twitches,tw,na,na,context
1765,15,beautiful,bj,none,r,passage
1766,15,beautiful,bj,none,na,context
1767,15,breeze,br,none,e,passage
1768,15,breeze,br,none,na,context
1769,15,bring,br,none,r,passage
1770,15,bring,br,none,na,context
1771,15,brings,br,none,r,passage
1772,15,brings,br,none,na,context
1773,15,brother,br,none,n,passage
1774,15,brother,br,none,na,context
1775,15,bugle,bj,na,f,passage
1776,15,bugle,bj,na,na,context
1777,15,clean,kl,none,n,passage
1778,15,clean,kl,none,na,context
1779,15,creek,kr,none,r,passage
1780,15,creek,kr,none,na,context
1781,15,cute,kj,none,e,passage
1782,15,cute,kj,none,na,context
1783,15,dreaming,dr,none,p,passage
1784,15,dreaming,dr,none,na,context
1785,15,drink,dr,none,i,passage
1786,15,drink,dr,none,na,context
1787,15,dwarf,dw,none,e,passage
1788,15,dwarf,dw,none,na,context
1789,15,dwayne,dw,none,na,passage
1790,15,dwayne,dw,none,na,context
1791,15,flickering,fl,none,t,passage
1792,15,flickering,fl,none,na,context
1793,15,flock,fl,none,e,passage
1794,15,flock,fl,none,na,context
1795,15,floor,fl,none,i,passage
1796,15,floor,fl,none,na,context
1797,15,fly,fl,none,s,passage
1798,15,fly,fl,none,na,context
1799,15,flying,fl,none,s,passage
1800,15,flying,fl,none,na,context
1801,15,freaks,fr,none,i,passage
1802,15,freaks,fr,none,na,context
1803,15,gloves,gl,none,l,passage
1804,15,gloves,gl,none,na,context
1805,15,grabs,gr,none,d,passage
1806,15,grabs,gr,none,na,context
1807,15,ground,gr,none,e,passage
1808,15,ground,gr,none,na,context
1809,15,place,pl,none,u,passage
1810,15,place,pl,none,na,context
1811,15,please,pl,none,na,passage
1812,15,please,pl,none,na,context
1813,15,plethora,pl,none,e,passage
1814,15,plethora,pl,none,na,context
1815,15,quacks,kw,none,d,passage
1816,15,quacks,kw,none,na,context
1817,15,queen,kw,none,e,passage
1818,15,queen,kw,none,na,context
1819,15,quickly,kw,none,r,passage
1820,15,quickly,kw,none,na,context
1821,15,scarlett,sk,none,k,passage
1822,15,scarlett,sk,none,na,context
1823,15,scoop,sk,none,n,passage
1824,15,scoop,sk,none,na,context
1825,15,skeptical,sk,prothesis,z,passage
1826,15,skeptical,sk,prothesis,na,context
1827,15,skin,sk,none,z,passage
1828,15,skin,sk,none,na,context
1829,15,skip,sk,none,n,passage
1830,15,skip,sk,none,na,context
1831,15,sleep,sl,none,d,passage
1832,15,sleep,sl,none,na,context
1833,15,slips,sl,none,u,passage
1834,15,slips,sl,none,na,context
1835,15,sloth,sl,none,l,passage
1836,15,sloth,sl,none,na,context
1837,15,slouched,sl,none,z,passage
1838,15,slouched,sl,none,na,context
1839,15,slow,sl,prothesis,t,passage
1840,15,slow,sl,none,na,context
1841,15,slugs,sl,prothesis,i,passage
1842,15,slugs,sl,none,na,context
1843,15,smacked,sm,none,t,passage
1844,15,smacked,sm,none,na,context
1845,15,small,sm,none,s,passage
1846,15,small,sm,none,r,passage
1847,15,small,sm,none,na,context
1848,15,small,sm,none,na,context
1849,15,smelling,sm,none,z,passage
1850,15,smelling,sm,none,na,context
1851,15,smiles,sm,prothesis,p,passage
1852,15,smiles,sm,none,na,context
1853,15,smith,sm,none,na,passage
1854,15,smith,sm,none,na,context
1855,15,smog,sm,none,k,passage
1856,15,smog,sm,none,na,context
1857,15,snag,sn,none,d,passage
1858,15,snag,sn,none,na,context
1859,15,snaps,sn,prothesis,n,passage
1860,15,snaps,sn,prothesis,na,context
1861,15,snatch,sn,none,n,passage
1862,15,snatch,sn,none,na,context
1863,15,sniffs,sn,prothesis,o,passage
1864,15,sniffs,sn,none,na,context
1865,15,snips,sn,none,i,passage
1866,15,snips,sn,none,na,context
1867,15,snoops,sn,prothesis,d,passage
1868,15,snoops,sn,prothesis,na,context
1869,15,snow,sn,none,e,passage
1870,15,snow,sn,none,na,context
1871,15,spark,sp,none,g,passage
1872,15,spark,sp,prothesis,na,context
1873,15,speed,sp,none,l,passage
1874,15,speed,sp,none,na,context
1875,15,spreading,sp,none,l,passage
1876,15,spreading,sp,none,na,context
1877,15,start,st,none,d,passage
1878,15,start,st,none,na,context
1879,15,starts,st,none,s,passage
1880,15,starts,st,prothesis,d,passage
1881,15,starts,st,none,na,context
1882,15,steps,st,none,n,passage
1883,15,steps,st,none,na,context
1884,15,stop,st,none,t,passage
1885,15,stop,st,none,na,context
1886,15,swats,sw,none,d,passage
1887,15,swats,sw,none,na,context
1888,15,sweeping,sw,none,z,passage
1889,15,sweeping,sw,none,na,context
1890,15,sweeps,sw,none,d,passage
1891,15,sweeps,sw,none,na,context
1892,15,swim,sw,none,d,passage
1893,15,swim,sw,none,na,context
1894,15,swoon,sw,none,n,passage
1895,15,swoon,sw,none,na,context
1896,15,thrashing,θr,none,z,passage
1897,15,thrashing,θr,none,na,context
1898,15,thread,θr,none,r,passage
1899,15,thread,θr,none,na,context
1900,15,three,θr,none,m,passage
1901,15,three,θr,none,na,context
1902,15,throttle,θr,na,z,passage
1903,15,throttle,θr,none,na,context
1904,15,trot,tr,none,z,passage
1905,15,trot,tr,none,na,context
1906,15,tweaking,tw,none,n,passage
1907,15,tweaking,tw,none,na,context
1908,15,twin,tw,none,r,passage
1909,15,twin,tw,none,na,context
1910,15,twitches,tw,none,n,passage
1911,15,twitches,tw,none,na,context
1912,16,beautiful,bj,none,r,passage
1913,16,beautiful,bj,none,na,context
1914,16,breeze,br,none,e,passage
1915,16,breeze,br,none,na,context
1916,16,bring,br,none,r,passage
1917,16,bring,br,none,na,context
1918,16,brings,br,none,r,passage
1919,16,brings,br,none,na,context
1920,16,brother,br,none,n,passage
1921,16,brother,br,none,na,context
1922,16,bugle,bj,na,f,passage
1923,16,bugle,bj,none,na,context
1924,16,clean,kl,none,n,passage
1925,16,clean,kl,none,na,context
1926,16,creek,kr,none,r,passage
1927,16,creek,kr,none,na,context
1928,16,cute,kj,none,e,passage
1929,16,cute,kj,none,na,context
1930,16,dreaming,dr,none,p,passage
1931,16,dreaming,dr,none,na,context
1932,16,drink,dr,none,i,passage
1933,16,drink,dr,none,na,context
1934,16,dwarf,dw,na,e,passage
1935,16,dwarf,dw,na,na,context
1936,16,dwayne,dw,none,na,passage
1937,16,dwayne,dw,na,na,context
1938,16,flickering,fl,none,t,passage
1939,16,flickering,fl,none,na,context
1940,16,flock,fl,none,e,passage
1941,16,flock,fl,none,na,context
1942,16,floor,fl,none,i,passage
1943,16,floor,fl,none,na,context
1944,16,fly,fl,none,s,passage
1945,16,fly,fl,none,na,context
1946,16,flying,fl,none,s,passage
1947,16,flying,fl,none,na,context
1948,16,freaks,fr,none,i,passage
1949,16,freaks,fr,none,na,context
1950,16,gloves,gl,none,l,passage
1951,16,gloves,gl,none,na,context
1952,16,grabs,gr,none,d,passage
1953,16,grabs,gr,none,na,context
1954,16,ground,gr,none,e,passage
1955,16,ground,gr,none,na,context
1956,16,place,pl,none,u,passage
1957,16,place,pl,none,na,context
1958,16,please,pl,none,na,passage
1959,16,please,pl,none,na,context
1960,16,plethora,pl,none,e,passage
1961,16,plethora,pl,none,na,context
1962,16,quacks,kw,none,d,passage
1963,16,quacks,kw,none,na,context
1964,16,queen,kw,none,e,passage
1965,16,queen,kw,none,na,context
1966,16,quickly,kw,none,r,passage
1967,16,quickly,kw,none,na,context
1968,16,scarlett,sk,none,k,passage
1969,16,scarlett,sk,none,na,context
1970,16,scoop,sk,none,n,passage
1971,16,scoop,sk,none,na,context
1972,16,skeptical,sk,none,z,passage
1973,16,skeptical,sk,none,na,context
1974,16,skin,sk,none,z,passage
1975,16,skin,sk,none,na,context
1976,16,skip,sk,none,n,passage
1977,16,skip,sk,none,na,context
1978,16,sleep,sl,none,d,passage
1979,16,sleep,sl,none,na,context
1980,16,slips,sl,none,u,passage
1981,16,slips,sl,none,na,context
1982,16,sloth,sl,none,l,passage
1983,16,sloth,sl,none,na,context
1984,16,slouched,sl,none,z,passage
1985,16,slouched,sl,none,na,context
1986,16,slow,sl,none,t,passage
1987,16,slow,sl,none,na,context
1988,16,slugs,sl,none,i,passage
1989,16,slugs,sl,none,na,context
1990,16,smacked,sm,none,t,passage
1991,16,smacked,sm,none,na,context
1992,16,small,sm,none,s,passage
1993,16,small,sm,none,r,passage
1994,16,small,sm,none,na,context
1995,16,small,sm,none,na,context
1996,16,smelling,sm,none,z,passage
1997,16,smelling,sm,none,na,context
1998,16,smiles,sm,none,p,passage
1999,16,smiles,sm,none,na,context
2000,16,smith,sm,none,na,passage
2001,16,smith,sm,none,na,context
2002,16,smog,sm,none,k,passage
2003,16,smog,sm,none,na,context
2004,16,snag,sn,none,d,passage
2005,16,snag,sn,none,na,context
2006,16,snaps,sn,none,n,passage
2007,16,snaps,sn,none,na,context
2008,16,snatch,sn,none,n,passage
2009,16,snatch,sn,none,na,context
2010,16,sniffs,sn,none,o,passage
2011,16,sniffs,sn,none,na,context
2012,16,snips,sn,none,i,passage
2013,16,snips,sn,none,na,context
2014,16,snoops,sn,none,d,passage
2015,16,snoops,sn,none,na,context
2016,16,snow,sn,none,e,passage
2017,16,snow,sn,none,na,context
2018,16,spark,sp,none,g,passage
2019,16,spark,sp,none,na,context
2020,16,speed,sp,none,l,passage
2021,16,speed,sp,none,na,context
2022,16,spreading,sp,none,l,passage
2023,16,spreading,sp,none,na,context
2024,16,start,st,none,d,passage
2025,16,start,st,none,na,context
2026,16,starts,st,none,s,passage
2027,16,starts,st,none,d,passage
2028,16,starts,st,none,na,context
2029,16,steps,st,none,n,passage
2030,16,steps,st,none,na,context
2031,16,stop,st,none,t,passage
2032,16,stop,st,none,na,context
2033,16,swats,sw,none,d,passage
2034,16,swats,sw,none,na,context
2035,16,sweeping,sw,none,z,passage
2036,16,sweeping,sw,none,na,context
2037,16,sweeps,sw,none,d,passage
2038,16,sweeps,sw,none,na,context
2039,16,swim,sw,none,d,passage
2040,16,swim,sw,none,na,context
2041,16,swoon,sw,none,n,passage
2042,16,swoon,sw,none,na,context
2043,16,thrashing,θr,na,z,passage
2044,16,thrashing,θr,none,na,context
2045,16,thread,θr,none,r,passage
2046,16,thread,θr,none,na,context
2047,16,three,θr,none,m,passage
2048,16,three,θr,none,na,context
2049,16,throttle,θr,none,z,passage
2050,16,throttle,θr,none,na,context
2051,16,trot,tr,none,z,passage
2052,16,trot,tr,none,na,context
2053,16,tweaking,tw,none,n,passage
2054,16,tweaking,tw,none,na,context
2055,16,twin,tw,none,r,passage
2056,16,twin,tw,none,na,context
2057,16,twitches,tw,none,n,passage
2058,16,twitches,tw,none,na,context
2059,17,beautiful,bj,none,r,passage
2060,17,beautiful,bj,none,na,context
2061,17,breeze,br,none,e,passage
2062,17,breeze,br,none,na,context
2063,17,bring,br,none,r,passage
2064,17,bring,br,none,na,context
2065,17,brings,br,none,r,passage
2066,17,brings,br,none,na,context
2067,17,brother,br,none,n,passage
2068,17,brother,br,none,na,context
2069,17,bugle,bj,na,f,passage
2070,17,bugle,bj,na,na,context
2071,17,clean,kl,none,n,passage
2072,17,clean,kl,none,na,context
2073,17,creek,kr,none,r,passage
2074,17,creek,kr,none,na,context
2075,17,cute,kj,none,e,passage
2076,17,cute,kj,none,na,context
2077,17,dreaming,dr,none,p,passage
2078,17,dreaming,dr,none,na,context
2079,17,drink,dr,none,i,passage
2080,17,drink,dr,none,na,context
2081,17,dwarf,dw,na,e,passage
2082,17,dwarf,dw,none,na,context
2083,17,dwayne,dw,none,na,passage
2084,17,dwayne,dw,none,na,context
2085,17,flickering,fl,none,t,passage
2086,17,flickering,fl,none,na,context
2087,17,flock,fl,none,e,passage
2088,17,flock,fl,none,na,context
2089,17,floor,fl,none,i,passage
2090,17,floor,fl,none,na,context
2091,17,fly,fl,none,s,passage
2092,17,fly,fl,none,na,context
2093,17,flying,fl,none,s,passage
2094,17,flying,fl,none,na,context
2095,17,freaks,fr,none,i,passage
2096,17,freaks,fr,none,na,context
2097,17,gloves,gl,none,l,passage
2098,17,gloves,gl,none,na,context
2099,17,grabs,gr,none,d,passage
2100,17,grabs,gr,none,na,context
2101,17,ground,gr,none,e,passage
2102,17,ground,gr,none,na,context
2103,17,place,pl,none,u,passage
2104,17,place,pl,none,na,context
2105,17,please,pl,none,na,passage
2106,17,please,pl,none,na,context
2107,17,plethora,pl,none,e,passage
2108,17,plethora,pl,none,na,context
2109,17,quacks,kw,none,d,passage
2110,17,quacks,kw,none,na,context
2111,17,queen,kw,none,e,passage
2112,17,queen,kw,none,na,context
2113,17,quickly,kw,none,r,passage
2114,17,quickly,kw,none,na,context
2115,17,scarlett,sk,prothesis,k,passage
2116,17,scarlett,sk,prothesis,na,context
2117,17,scoop,sk,none,n,passage
2118,17,scoop,sk,none,na,context
2119,17,skeptical,sk,prothesis,z,passage
2120,17,skeptical,sk,prothesis,na,context
2121,17,skin,sk,prothesis,z,passage
2122,17,skin,sk,none,na,context
2123,17,skip,sk,none,n,passage
2124,17,skip,sk,none,na,context
2125,17,sleep,sl,none,d,passage
2126,17,sleep,sl,none,na,context
2127,17,slips,sl,none,u,passage
2128,17,slips,sl,none,na,context
2129,17,sloth,sl,none,l,passage
2130,17,sloth,sl,none,na,context
2131,17,slouched,sl,none,z,passage
2132,17,slouched,sl,none,na,context
2133,17,slow,sl,none,t,passage
2134,17,slow,sl,none,na,context
2135,17,slugs,sl,none,i,passage
2136,17,slugs,sl,none,na,context
2137,17,smacked,sm,none,t,passage
2138,17,smacked,sm,none,na,context
2139,17,small,sm,none,s,passage
2140,17,small,sm,none,r,passage
2141,17,small,sm,none,na,context
2142,17,small,sm,none,na,context
2143,17,smelling,sm,none,z,passage
2144,17,smelling,sm,none,na,context
2145,17,smiles,sm,none,p,passage
2146,17,smiles,sm,none,na,context
2147,17,smith,sm,none,na,passage
2148,17,smith,sm,none,na,context
2149,17,smog,sm,none,k,passage
2150,17,smog,sm,none,na,context
2151,17,snag,sn,none,d,passage
2152,17,snag,sn,none,na,context
2153,17,snaps,sn,none,n,passage
2154,17,snaps,sn,none,na,context
2155,17,snatch,sn,none,n,passage
2156,17,snatch,sn,none,na,context
2157,17,sniffs,sn,none,o,passage
2158,17,sniffs,sn,none,na,context
2159,17,snips,sn,none,i,passage
2160,17,snips,sn,none,na,context
2161,17,snoops,sn,none,d,passage
2162,17,snoops,sn,none,na,context
2163,17,snow,sn,none,e,passage
2164,17,snow,sn,none,na,context
2165,17,spark,sp,prothesis,g,passage
2166,17,spark,sp,none,na,context
2167,17,speed,sp,none,l,passage
2168,17,speed,sp,none,na,context
2169,17,spreading,sp,none,l,passage
2170,17,spreading,sp,prothesis,na,context
2171,17,start,st,none,d,passage
2172,17,start,st,prothesis,na,context
2173,17,starts,st,none,s,passage
2174,17,starts,st,none,d,passage
2175,17,starts,st,prothesis,na,context
2176,17,steps,st,none,n,passage
2177,17,steps,st,none,na,context
2178,17,stop,st,none,t,passage
2179,17,stop,st,none,na,context
2180,17,swats,sw,none,d,passage
2181,17,swats,sw,none,na,context
2182,17,sweeping,sw,none,z,passage
2183,17,sweeping,sw,none,na,context
2184,17,sweeps,sw,none,d,passage
2185,17,sweeps,sw,none,na,context
2186,17,swim,sw,none,d,passage
2187,17,swim,sw,none,na,context
2188,17,swoon,sw,none,n,passage
2189,17,swoon,sw,none,na,context
2190,17,thrashing,θr,none,z,passage
2191,17,thrashing,θr,none,na,context
2192,17,thread,θr,none,r,passage
2193,17,thread,θr,none,na,context
2194,17,three,θr,none,m,passage
2195,17,three,θr,none,na,context
2196,17,throttle,θr,none,z,passage
2197,17,throttle,θr,none,na,context
2198,17,trot,tr,none,z,passage
2199,17,trot,tr,none,na,context
2200,17,tweaking,tw,none,n,passage
2201,17,tweaking,tw,none,na,context
2202,17,twin,tw,none,r,passage
2203,17,twin,tw,none,na,context
2204,17,twitches,tw,none,n,passage
2205,17,twitches,tw,none,na,context
2206,18,beautiful,bj,none,r,passage
2207,18,beautiful,bj,none,na,context
2208,18,breeze,br,none,e,passage
2209,18,breeze,br,none,na,context
2210,18,bring,br,none,r,passage
2211,18,bring,br,none,na,context
2212,18,brings,br,none,r,passage
2213,18,brings,br,none,na,context
2214,18,brother,br,none,n,passage
2215,18,brother,br,none,na,context
2216,18,bugle,bj,none,f,passage
2217,18,bugle,bj,none,na,context
2218,18,clean,kl,none,n,passage
2219,18,clean,kl,none,na,context
2220,18,creek,kr,none,r,passage
2221,18,creek,kr,none,na,context
2222,18,cute,kj,none,e,passage
2223,18,cute,kj,none,na,context
2224,18,dreaming,dr,none,p,passage
2225,18,dreaming,dr,none,na,context
2226,18,drink,dr,none,i,passage
2227,18,drink,dr,none,na,context
2228,18,dwarf,dw,none,e,passage
2229,18,dwarf,dw,none,na,context
2230,18,dwayne,dw,none,na,passage
2231,18,dwayne,dw,none,na,context
2232,18,flickering,fl,none,t,passage
2233,18,flickering,fl,none,na,context
2234,18,flock,fl,none,e,passage
2235,18,flock,fl,none,na,context
2236,18,floor,fl,none,i,passage
2237,18,floor,fl,none,na,context
2238,18,fly,fl,none,s,passage
2239,18,fly,fl,none,na,context
2240,18,flying,fl,none,s,passage
2241,18,flying,fl,none,na,context
2242,18,freaks,fr,none,i,passage
2243,18,freaks,fr,none,na,context
2244,18,gloves,gl,none,l,passage
2245,18,gloves,gl,none,na,context
2246,18,grabs,gr,none,d,passage
2247,18,grabs,gr,none,na,context
2248,18,ground,gr,none,e,passage
2249,18,ground,gr,none,na,context
2250,18,place,pl,none,u,passage
2251,18,place,pl,none,na,context
2252,18,please,pl,none,na,passage
2253,18,please,pl,none,na,context
2254,18,plethora,pl,none,e,passage
2255,18,plethora,pl,none,na,context
2256,18,quacks,kw,none,d,passage
2257,18,quacks,kw,none,na,context
2258,18,queen,kw,none,e,passage
2259,18,queen,kw,none,na,context
2260,18,quickly,kw,none,r,passage
2261,18,quickly,kw,none,na,context
2262,18,scarlett,sk,none,k,passage
2263,18,scarlett,sk,none,na,context
2264,18,scoop,sk,none,n,passage
2265,18,scoop,sk,none,na,context
2266,18,skeptical,sk,none,z,passage
2267,18,skeptical,sk,none,na,context
2268,18,skin,sk,prothesis,z,passage
2269,18,skin,sk,none,na,context
2270,18,skip,sk,none,n,passage
2271,18,skip,sk,none,na,context
2272,18,sleep,sl,none,d,passage
2273,18,sleep,sl,none,na,context
2274,18,slips,sl,none,u,passage
2275,18,slips,sl,none,na,context
2276,18,sloth,sl,none,l,passage
2277,18,sloth,sl,none,na,context
2278,18,slouched,sl,none,z,passage
2279,18,slouched,sl,none,na,context
2280,18,slow,sl,none,t,passage
2281,18,slow,sl,none,na,context
2282,18,slugs,sl,none,i,passage
2283,18,slugs,sl,none,na,context
2284,18,smacked,sm,none,t,passage
2285,18,smacked,sm,none,na,context
2286,18,small,sm,none,s,passage
2287,18,small,sm,none,r,passage
2288,18,small,sm,none,na,context
2289,18,small,sm,none,na,context
2290,18,smelling,sm,none,z,passage
2291,18,smelling,sm,none,na,context
2292,18,smiles,sm,none,p,passage
2293,18,smiles,sm,none,na,context
2294,18,smith,sm,none,na,passage
2295,18,smith,sm,none,na,context
2296,18,smog,sm,none,k,passage
2297,18,smog,sm,none,na,context
2298,18,snag,sn,none,d,passage
2299,18,snag,sn,none,na,context
2300,18,snaps,sn,none,n,passage
2301,18,snaps,sn,none,na,context
2302,18,snatch,sn,none,n,passage
2303,18,snatch,sn,none,na,context
2304,18,sniffs,sn,prothesis,o,passage
2305,18,sniffs,sn,none,na,context
2306,18,snips,sn,none,i,passage
2307,18,snips,sn,none,na,context
2308,18,snoops,sn,none,d,passage
2309,18,snoops,sn,none,na,context
2310,18,snow,sn,none,e,passage
2311,18,snow,sn,none,na,context
2312,18,spark,sp,none,g,passage
2313,18,spark,sp,none,na,context
2314,18,speed,sp,none,l,passage
2315,18,speed,sp,none,na,context
2316,18,spreading,sp,none,l,passage
2317,18,spreading,sp,none,na,context
2318,18,start,st,none,d,passage
2319,18,start,st,none,na,context
2320,18,starts,st,none,s,passage
2321,18,starts,st,prothesis,d,passage
2322,18,starts,st,none,na,context
2323,18,steps,st,none,n,passage
2324,18,steps,st,none,na,context
2325,18,stop,st,none,t,passage
2326,18,stop,st,none,na,context
2327,18,swats,sw,none,d,passage
2328,18,swats,sw,none,na,context
2329,18,sweeping,sw,none,z,passage
2330,18,sweeping,sw,none,na,context
2331,18,sweeps,sw,none,d,passage
2332,18,sweeps,sw,none,na,context
2333,18,swim,sw,none,d,passage
2334,18,swim,sw,none,na,context
2335,18,swoon,sw,none,n,passage
2336,18,swoon,sw,none,na,context
2337,18,thrashing,θr,anaptyxis,z,passage
2338,18,thrashing,θr,anaptyxis,na,context
2339,18,thread,θr,anaptyxis,r,passage
2340,18,thread,θr,anaptyxis,na,context
2341,18,three,θr,none,m,passage
2342,18,three,θr,none,na,context
2343,18,throttle,θr,none,z,passage
2344,18,throttle,θr,anaptyxis,na,context
2345,18,trot,tr,none,z,passage
2346,18,trot,tr,none,na,context
2347,18,tweaking,tw,none,n,passage
2348,18,tweaking,tw,none,na,context
2349,18,twin,tw,none,r,passage
2350,18,twin,tw,none,na,context
2351,18,twitches,tw,none,n,passage
2352,18,twitches,tw,none,na,context
2353,19,beautiful,bj,na,r,passage
2354,19,beautiful,bj,none,na,context
2355,19,breeze,br,na,e,passage
2356,19,breeze,br,anaptyxis,na,context
2357,19,bring,br,na,r,passage
2358,19,bring,br,anaptyxis,na,context
2359,19,brings,br,na,r,passage
2360,19,brings,br,anaptyxis,na,context
2361,19,brother,br,na,n,passage
2362,19,brother,br,none,na,context
2363,19,bugle,bj,na,f,passage
2364,19,bugle,bj,na,na,context
2365,19,clean,kl,na,n,passage
2366,19,clean,kl,anaptyxis,na,context
2367,19,creek,kr,na,r,passage
2368,19,creek,kr,anaptyxis,na,context
2369,19,cute,kj,na,e,passage
2370,19,cute,kj,none,na,context
2371,19,dreaming,dr,na,p,passage
2372,19,dreaming,dr,anaptyxis,na,context
2373,19,drink,dr,na,i,passage
2374,19,drink,dr,anaptyxis,na,context
2375,19,dwarf,dw,na,e,passage
2376,19,dwarf,dw,na,na,context
2377,19,dwayne,dw,na,na,passage
2378,19,dwayne,dw,none,na,context
2379,19,flickering,fl,na,t,passage
2380,19,flickering,fl,anaptyxis,na,context
2381,19,flock,fl,na,e,passage
2382,19,flock,fl,anaptyxis,na,context
2383,19,floor,fl,na,i,passage
2384,19,floor,fl,anaptyxis,na,context
2385,19,fly,fl,na,s,passage
2386,19,fly,fl,anaptyxis,na,context
2387,19,flying,fl,na,s,passage
2388,19,flying,fl,anaptyxis,na,context
2389,19,freaks,fr,na,i,passage
2390,19,freaks,fr,anaptyxis,na,context
2391,19,gloves,gl,na,l,passage
2392,19,gloves,gl,anaptyxis,na,context
2393,19,grabs,gr,na,d,passage
2394,19,grabs,gr,anaptyxis,na,context
2395,19,ground,gr,na,e,passage
2396,19,ground,gr,anaptyxis,na,context
2397,19,place,pl,na,u,passage
2398,19,place,pl,anaptyxis,na,context
2399,19,please,pl,na,na,passage
2400,19,please,pl,none,na,context
2401,19,plethora,pl,na,e,passage
2402,19,plethora,pl,anaptyxis,na,context
2403,19,quacks,kw,na,d,passage
2404,19,quacks,kw,none,na,context
2405,19,queen,kw,na,e,passage
2406,19,queen,kw,none,na,context
2407,19,quickly,kw,na,r,passage
2408,19,quickly,kw,none,na,context
2409,19,scarlett,sk,na,k,passage
2410,19,scarlett,sk,none,na,context
2411,19,scoop,sk,na,n,passage
2412,19,scoop,sk,none,na,context
2413,19,skeptical,sk,na,z,passage
2414,19,skeptical,sk,none,na,context
2415,19,skin,sk,na,z,passage
2416,19,skin,sk,none,na,context
2417,19,skip,sk,na,n,passage
2418,19,skip,sk,none,na,context
2419,19,sleep,sl,na,d,passage
2420,19,sleep,sl,none,na,context
2421,19,slips,sl,na,u,passage
2422,19,slips,sl,none,na,context
2423,19,sloth,sl,na,l,passage
2424,19,sloth,sl,none,na,context
2425,19,slouched,sl,na,z,passage
2426,19,slouched,sl,prothesis,na,context
2427,19,slow,sl,na,t,passage
2428,19,slow,sl,none,na,context
2429,19,slugs,sl,na,i,passage
2430,19,slugs,sl,none,na,context
2431,19,smacked,sm,na,t,passage
2432,19,smacked,sm,prothesis,na,context
2433,19,small,sm,na,s,passage
2434,19,small,sm,na,r,passage
2435,19,small,sm,none,na,context
2436,19,small,sm,none,na,context
2437,19,smelling,sm,na,z,passage
2438,19,smelling,sm,none,na,context
2439,19,smiles,sm,na,p,passage
2440,19,smiles,sm,none,na,context
2441,19,smith,sm,na,na,passage
2442,19,smith,sm,none,na,context
2443,19,smog,sm,na,k,passage
2444,19,smog,sm,none,na,context
2445,19,snag,sn,na,d,passage
2446,19,snag,sn,none,na,context
2447,19,snaps,sn,na,n,passage
2448,19,snaps,sn,none,na,context
2449,19,snatch,sn,na,n,passage
2450,19,snatch,sn,none,na,context
2451,19,sniffs,sn,na,o,passage
2452,19,sniffs,sn,none,na,context
2453,19,snips,sn,na,i,passage
2454,19,snips,sn,none,na,context
2455,19,snoops,sn,na,d,passage
2456,19,snoops,sn,none,na,context
2457,19,snow,sn,na,e,passage
2458,19,snow,sn,none,na,context
2459,19,spark,sp,na,g,passage
2460,19,spark,sp,none,na,context
2461,19,speed,sp,na,l,passage
2462,19,speed,sp,none,na,context
2463,19,spreading,sp,na,l,passage
2464,19,spreading,sp,none,na,context
2465,19,start,st,na,d,passage
2466,19,start,st,none,na,context
2467,19,starts,st,na,s,passage
2468,19,starts,st,na,d,passage
2469,19,starts,st,none,na,context
2470,19,steps,st,na,n,passage
2471,19,steps,st,none,na,context
2472,19,stop,st,na,t,passage
2473,19,stop,st,none,na,context
2474,19,swats,sw,na,d,passage
2475,19,swats,sw,none,na,context
2476,19,sweeping,sw,na,z,passage
2477,19,sweeping,sw,none,na,context
2478,19,sweeps,sw,na,d,passage
2479,19,sweeps,sw,none,na,context
2480,19,swim,sw,na,d,passage
2481,19,swim,sw,none,na,context
2482,19,swoon,sw,na,n,passage
2483,19,swoon,sw,none,na,context
2484,19,thrashing,θr,na,z,passage
2485,19,thrashing,θr,anaptyxis,na,context
2486,19,thread,θr,na,r,passage
2487,19,thread,θr,anaptyxis,na,context
2488,19,three,θr,na,m,passage
2489,19,three,θr,none,na,context
2490,19,throttle,θr,na,z,passage
2491,19,throttle,θr,anaptyxis,na,context
2492,19,trot,tr,na,z,passage
2493,19,trot,tr,anaptyxis,na,context
2494,19,tweaking,tw,na,n,passage
2495,19,tweaking,tw,none,na,context
2496,19,twin,tw,na,r,passage
2497,19,twin,tw,none,na,context
2498,19,twitches,tw,na,n,passage
2499,19,twitches,tw,none,na,context
2500,20,beautiful,bj,na,r,passage
2501,20,beautiful,bj,none,na,context
2502,20,breeze,br,na,e,passage
2503,20,breeze,br,none,na,context
2504,20,bring,br,na,r,passage
2505,20,bring,br,none,na,context
2506,20,brings,br,na,r,passage
2507,20,brings,br,none,na,context
2508,20,brother,br,na,n,passage
2509,20,brother,br,none,na,context
2510,20,bugle,bj,na,f,passage
2511,20,bugle,bj,na,na,context
2512,20,clean,kl,na,n,passage
2513,20,clean,kl,none,na,context
2514,20,creek,kr,na,r,passage
2515,20,creek,kr,none,na,context
2516,20,cute,kj,na,e,passage
2517,20,cute,kj,none,na,context
2518,20,dreaming,dr,na,p,passage
2519,20,dreaming,dr,none,na,context
2520,20,drink,dr,na,i,passage
2521,20,drink,dr,anaptyxis,na,context
2522,20,dwarf,dw,na,e,passage
2523,20,dwarf,dw,na,na,context
2524,20,dwayne,dw,na,na,passage
2525,20,dwayne,dw,na,na,context
2526,20,flickering,fl,na,t,passage
2527,20,flickering,fl,anaptyxis,na,context
2528,20,flock,fl,na,e,passage
2529,20,flock,fl,none,na,context
2530,20,floor,fl,na,i,passage
2531,20,floor,fl,none,na,context
2532,20,fly,fl,na,s,passage
2533,20,fly,fl,none,na,context
2534,20,flying,fl,na,s,passage
2535,20,flying,fl,none,na,context
2536,20,freaks,fr,na,i,passage
2537,20,freaks,fr,none,na,context
2538,20,gloves,gl,na,l,passage
2539,20,gloves,gl,none,na,context
2540,20,grabs,gr,na,d,passage
2541,20,grabs,gr,anaptyxis,na,context
2542,20,ground,gr,na,e,passage
2543,20,ground,gr,none,na,context
2544,20,place,pl,na,u,passage
2545,20,place,pl,anaptyxis,na,context
2546,20,please,pl,na,na,passage
2547,20,please,pl,none,na,context
2548,20,plethora,pl,na,e,passage
2549,20,plethora,pl,anaptyxis,na,context
2550,20,quacks,kw,na,d,passage
2551,20,quacks,kw,none,na,context
2552,20,queen,kw,na,e,passage
2553,20,queen,kw,none,na,context
2554,20,quickly,kw,na,r,passage
2555,20,quickly,kw,none,na,context
2556,20,scarlett,sk,na,k,passage
2557,20,scarlett,sk,na,na,context
2558,20,scoop,sk,na,n,passage
2559,20,scoop,sk,none,na,context
2560,20,skeptical,sk,na,z,passage
2561,20,skeptical,sk,none,na,context
2562,20,skin,sk,na,z,passage
2563,20,skin,sk,none,na,context
2564,20,skip,sk,na,n,passage
2565,20,skip,sk,prothesis,na,context
2566,20,sleep,sl,na,d,passage
2567,20,sleep,sl,none,na,context
2568,20,slips,sl,na,u,passage
2569,20,slips,sl,prothesis,na,context
2570,20,sloth,sl,na,l,passage
2571,20,sloth,sl,none,na,context
2572,20,slouched,sl,na,z,passage
2573,20,slouched,sl,none,na,context
2574,20,slow,sl,na,t,passage
2575,20,slow,sl,none,na,context
2576,20,slugs,sl,na,i,passage
2577,20,slugs,sl,none,na,context
2578,20,smacked,sm,na,t,passage
2579,20,smacked,sm,none,na,context
2580,20,small,sm,na,s,passage
2581,20,small,sm,na,r,passage
2582,20,small,sm,none,na,context
2583,20,small,sm,none,na,context
2584,20,smelling,sm,na,z,passage
2585,20,smelling,sm,none,na,context
2586,20,smiles,sm,na,p,passage
2587,20,smiles,sm,none,na,context
2588,20,smith,sm,na,na,passage
2589,20,smith,sm,prothesis,na,context
2590,20,smog,sm,na,k,passage
2591,20,smog,sm,none,na,context
2592,20,snag,sn,na,d,passage
2593,20,snag,sn,none,na,context
2594,20,snaps,sn,na,n,passage
2595,20,snaps,sn,prothesis,na,context
2596,20,snatch,sn,na,n,passage
2597,20,snatch,sn,none,na,context
2598,20,sniffs,sn,na,o,passage
2599,20,sniffs,sn,none,na,context
2600,20,snips,sn,na,i,passage
2601,20,snips,sn,none,na,context
2602,20,snoops,sn,na,d,passage
2603,20,snoops,sn,none,na,context
2604,20,snow,sn,na,e,passage
2605,20,snow,sn,none,na,context
2606,20,spark,sp,na,g,passage
2607,20,spark,sp,none,na,context
2608,20,speed,sp,na,l,passage
2609,20,speed,sp,prothesis,na,context
2610,20,spreading,sp,na,l,passage
2611,20,spreading,sp,prothesis,na,context
2612,20,start,st,na,d,passage
2613,20,start,st,none,na,context
2614,20,starts,st,na,s,passage
2615,20,starts,st,na,d,passage
2616,20,starts,st,none,na,context
2617,20,steps,st,na,n,passage
2618,20,steps,st,none,na,context
2619,20,stop,st,na,t,passage
2620,20,stop,st,none,na,context
2621,20,swats,sw,na,d,passage
2622,20,swats,sw,none,na,context
2623,20,sweeping,sw,na,z,passage
2624,20,sweeping,sw,none,na,context
2625,20,sweeps,sw,na,d,passage
2626,20,sweeps,sw,none,na,context
2627,20,swim,sw,na,d,passage
2628,20,swim,sw,none,na,context
2629,20,swoon,sw,na,n,passage
2630,20,swoon,sw,none,na,context
2631,20,thrashing,θr,na,z,passage
2632,20,thrashing,θr,none,na,context
2633,20,thread,θr,na,r,passage
2634,20,thread,θr,none,na,context
2635,20,three,θr,na,m,passage
2636,20,three,θr,none,na,context
2637,20,throttle,θr,na,z,passage
2638,20,throttle,θr,none,na,context
2639,20,trot,tr,na,z,passage
2640,20,trot,tr,none,na,context
2641,20,tweaking,tw,na,n,passage
2642,20,tweaking,tw,none,na,context
2643,20,twin,tw,na,r,passage
2644,20,twin,tw,none,na,context
2645,20,twitches,tw,na,n,passage
2646,20,twitches,tw,anaptyxis,na,context
2647,21,beautiful,bj,na,r,passage
2648,21,beautiful,bj,none,na,context
2649,21,breeze,br,na,e,passage
2650,21,breeze,br,anaptyxis,na,context
2651,21,bring,br,na,r,passage
2652,21,bring,br,anaptyxis,na,context
2653,21,brings,br,na,r,passage
2654,21,brings,br,anaptyxis,na,context
2655,21,brother,br,na,n,passage
2656,21,brother,br,anaptyxis,na,context
2657,21,bugle,bj,na,f,passage
2658,21,bugle,bj,none,na,context
2659,21,clean,kl,na,n,passage
2660,21,clean,kl,anaptyxis,na,context
2661,21,creek,kr,na,r,passage
2662,21,creek,kr,anaptyxis,na,context
2663,21,cute,kj,na,e,passage
2664,21,cute,kj,none,na,context
2665,21,dreaming,dr,na,p,passage
2666,21,dreaming,dr,anaptyxis,na,context
2667,21,drink,dr,na,i,passage
2668,21,drink,dr,anaptyxis,na,context
2669,21,dwarf,dw,na,e,passage
2670,21,dwarf,dw,na,na,context
2671,21,dwayne,dw,na,na,passage
2672,21,dwayne,dw,none,na,context
2673,21,flickering,fl,na,t,passage
2674,21,flickering,fl,anaptyxis,na,context
2675,21,flock,fl,na,e,passage
2676,21,flock,fl,anaptyxis,na,context
2677,21,floor,fl,na,i,passage
2678,21,floor,fl,anaptyxis,na,context
2679,21,fly,fl,na,s,passage
2680,21,fly,fl,anaptyxis,na,context
2681,21,flying,fl,na,s,passage
2682,21,flying,fl,anaptyxis,na,context
2683,21,freaks,fr,na,i,passage
2684,21,freaks,fr,anaptyxis,na,context
2685,21,gloves,gl,na,l,passage
2686,21,gloves,gl,anaptyxis,na,context
2687,21,grabs,gr,na,d,passage
2688,21,grabs,gr,anaptyxis,na,context
2689,21,ground,gr,na,e,passage
2690,21,ground,gr,anaptyxis,na,context
2691,21,place,pl,na,u,passage
2692,21,place,pl,anaptyxis,na,context
2693,21,please,pl,na,na,passage
2694,21,please,pl,anaptyxis,na,context
2695,21,plethora,pl,na,e,passage
2696,21,plethora,pl,anaptyxis,na,context
2697,21,quacks,kw,na,d,passage
2698,21,quacks,kw,anaptyxis,na,context
2699,21,queen,kw,na,e,passage
2700,21,queen,kw,anaptyxis,na,context
2701,21,quickly,kw,na,r,passage
2702,21,quickly,kw,none,na,context
2703,21,scarlett,sk,na,k,passage
2704,21,scarlett,sk,prothesis,na,context
2705,21,scoop,sk,na,n,passage
2706,21,scoop,sk,prothesis,na,context
2707,21,skeptical,sk,na,z,passage
2708,21,skeptical,sk,prothesis,na,context
2709,21,skin,sk,na,z,passage
2710,21,skin,sk,prothesis,na,context
2711,21,skip,sk,na,n,passage
2712,21,skip,sk,prothesis,na,context
2713,21,sleep,sl,na,d,passage
2714,21,sleep,sl,prothesis,na,context
2715,21,slips,sl,na,u,passage
2716,21,slips,sl,prothesis,na,context
2717,21,sloth,sl,na,l,passage
2718,21,sloth,sl,prothesis,na,context
2719,21,slouched,sl,na,z,passage
2720,21,slouched,sl,prothesis,na,context
2721,21,slow,sl,na,t,passage
2722,21,slow,sl,prothesis,na,context
2723,21,slugs,sl,na,i,passage
2724,21,slugs,sl,prothesis,na,context
2725,21,smacked,sm,na,t,passage
2726,21,smacked,sm,prothesis,na,context
2727,21,small,sm,na,s,passage
2728,21,small,sm,na,r,passage
2729,21,small,sm,prothesis,na,context
2730,21,small,sm,prothesis,na,context
2731,21,smelling,sm,na,z,passage
2732,21,smelling,sm,prothesis,na,context
2733,21,smiles,sm,na,p,passage
2734,21,smiles,sm,prothesis,na,context
2735,21,smith,sm,na,na,passage
2736,21,smith,sm,prothesis,na,context
2737,21,smog,sm,na,k,passage
2738,21,smog,sm,prothesis,na,context
2739,21,snag,sn,na,d,passage
2740,21,snag,sn,prothesis,na,context
2741,21,snaps,sn,na,n,passage
2742,21,snaps,sn,anaptyxis,na,context
2743,21,snatch,sn,na,n,passage
2744,21,snatch,sn,prothesis,na,context
2745,21,sniffs,sn,na,o,passage
2746,21,sniffs,sn,prothesis,na,context
2747,21,snips,sn,na,i,passage
2748,21,snips,sn,prothesis,na,context
2749,21,snoops,sn,na,d,passage
2750,21,snoops,sn,prothesis,na,context
2751,21,snow,sn,na,e,passage
2752,21,snow,sn,prothesis,na,context
2753,21,spark,sp,na,g,passage
2754,21,spark,sp,prothesis,na,context
2755,21,speed,sp,na,l,passage
2756,21,speed,sp,prothesis,na,context
2757,21,spreading,sp,na,l,passage
2758,21,spreading,sp,anaptyxis,na,context
2759,21,start,st,na,d,passage
2760,21,start,st,prothesis,na,context
2761,21,starts,st,na,s,passage
2762,21,starts,st,na,d,passage
2763,21,starts,st,prothesis,na,context
2764,21,steps,st,na,n,passage
2765,21,steps,st,prothesis,na,context
2766,21,stop,st,na,t,passage
2767,21,stop,st,prothesis,na,context
2768,21,swats,sw,na,d,passage
2769,21,swats,sw,anaptyxis,na,context
2770,21,sweeping,sw,na,z,passage
2771,21,sweeping,sw,anaptyxis,na,context
2772,21,sweeps,sw,na,d,passage
2773,21,sweeps,sw,prothesis,na,context
2774,21,swim,sw,na,d,passage
2775,21,swim,sw,none,na,context
2776,21,swoon,sw,na,n,passage
2777,21,swoon,sw,anaptyxis,na,context
2778,21,thrashing,θr,na,z,passage
2779,21,thrashing,θr,anaptyxis,na,context
2780,21,thread,θr,na,r,passage
2781,21,thread,θr,anaptyxis,na,context
2782,21,three,θr,na,m,passage
2783,21,three,θr,anaptyxis,na,context
2784,21,throttle,θr,na,z,passage
2785,21,throttle,θr,anaptyxis,na,context
2786,21,trot,tr,na,z,passage
2787,21,trot,tr,prothesis,na,context
2788,21,tweaking,tw,na,n,passage
2789,21,tweaking,tw,na,na,context
2790,21,twin,tw,na,r,passage
2791,21,twin,tw,none,na,context
2792,21,twitches,tw,na,n,passage
2793,21,twitches,tw,na,na,context