participant,word ,onset,ep_type,last_sound ,context 
1,trot ,tr ,none,z,passage 
1,snaps ,sn ,none,n,passage 
1,dwayne ,dw ,anaptyxis ,na,passage 
1,cute ,kj ,none,e,passage 
1,swats ,sw ,none,d,passage 
1,gloves ,gl ,none,l,passage 
1,smith ,sm ,none,na,passage 
1,starts ,st ,prothesis ,s,passage 
1,steps ,st ,none,n,passage 
1,slugs ,sl ,prothesis ,i,passage 
1,quacks ,kw ,none,d,passage 
1,skip ,sk ,none,n,passage 
1,flying ,fl ,none,s,passage 
1,drink ,dr ,none,i,passage 
1,grabs ,gr ,none,d,passage 
1,smog ,sm ,none,k,passage 
1,beautiful ,bj ,none,r,passage 
1,dwarf ,dw ,none,e,passage 
1,quickly ,kw ,none,r,passage 
1,snoops ,sn ,none,d,passage 
1,bring ,br ,none,r,passage 
1,start ,st ,none,d,passage 
1,flickering ,fl ,none,t,passage 
1,spark ,sp ,none,g,passage 
1,small ,sm ,prothesis ,s,passage 
1,scoop ,sk ,none,n,passage 
1,skin ,sk ,prothesis ,z,passage 
1,snag ,sn ,none,d,passage 
1,thread ,θr ,none,r,passage 
1,sweeps ,sw ,none,d,passage 
1,please ,pl ,none,na,passage 
1,floor ,fl ,none,i,passage 
1,thrashing ,θr,none,z,passage 
1,speed ,sp ,prothesis ,l,passage 
1,smiles ,sm ,none,p,passage 
1,swoon ,sw ,none,n,passage 
1,slouched ,sl ,none,z,passage 
1,swim ,sw ,none,d,passage 
1,dreaming ,dr ,none,p,passage 
1,twin ,tw ,none,r,passage 
1,bugle ,bj ,na,f,passage 
1,clean ,kl ,none,n,passage 
1,snips ,sn ,prothesis ,i,passage 
1,ground ,gr ,none,e,passage 
1,slips ,sl ,none,u,passage 
1,place ,pl ,none,u,passage 
1,tweaking ,tw ,none,n,passage 
1,sweeping ,sw ,none,z,passage 
1,sloth ,sl ,none,l,passage 
1,spreading ,sp,prothesis,l,passage 
1,sniffs ,sn ,none,o,passage 
1,flock ,fl ,none,e,passage 
1,snatch ,sn ,none,n,passage 
1,small ,sm ,none,r,passage 
1,slow ,sl ,none,t,passage 
1,stop ,st ,none,t,passage 
1,smacked ,sm ,none,t,passage 
1,skeptical ,sk ,prothesis ,z,passage 
1,fly ,fl ,none,s,passage 
1,breeze ,br ,none,e,passage 
1,queen ,kw ,none,e,passage 
1,twitches ,tw ,none,n,passage 
1,throttle ,θr,none,z,passage 
1,brings ,br ,none,r,passage 
1,three ,θr,none,m,passage 
1,sleep ,sl ,none,d,passage 
1,scarlett ,sk ,prothesis,k,passage 
1,creek ,kr ,none,r,passage 
1,plethora ,pl ,none,e,passage 
1,snow ,sn ,none,e,passage 
1,smelling ,sm ,prothesis ,z,passage 
1,brother ,br ,none,n,passage 
1,freaks ,fr ,none,i,passage 
1,starts,st,none,d,passage 
1,trot ,tr ,none,na,context 
1,snaps ,sn ,none,na,context 
1,dwayne ,dw ,none,na,context 
1,cute ,kj ,none,na,context 
1,swats ,sw ,none,na,context 
1,gloves ,gl ,none,na,context 
1,smith ,sm ,none,na,context 
1,starts ,st ,none,na,context 
1,steps ,st ,none,na,context 
1,slugs ,sl ,none,na,context 
1,quacks ,kw ,none,na,context 
1,skip ,sk ,none,na,context 
1,flying ,fl ,none,na,context 
1,drink ,dr ,none,na,context 
1,grabs ,gr ,none,na,context 
1,smog ,sm ,none,na,context 
1,beautiful ,bj ,none,na,context 
1,dwarf ,dw ,none,na,context 
1,quickly ,kw ,none,na,context 
1,snoops ,sn ,none,na,context 
1,bring ,br ,none,na,context 
1,start ,st ,none,na,context 
1,flickering ,fl ,none,na,context 
1,spark ,sp ,none,na,context 
1,small ,sm ,none,na,context 
1,scoop ,sk ,none,na,context 
1,skin ,sk ,none,na,context 
1,snag ,sn ,none,na,context 
1,thread ,θr ,none,na,context 
1,sweeps ,sw ,none,na,context 
1,please ,pl ,none,na,context 
1,floor ,fl ,none,na,context 
1,thrashing ,θr,none,na,context 
1,speed ,sp ,none,na,context 
1,smiles ,sm ,none,na,context 
1,swoon ,sw ,none,na,context 
1,slouched ,sl ,none,na,context 
1,swim ,sw ,none,na,context 
1,dreaming ,dr ,none,na,context 
1,twin ,tw ,none,na,context 
1,bugle ,bj ,na,na,context 
1,clean ,kl ,none,na,context 
1,snips ,sn ,none,na,context 
1,ground ,gr ,none,na,context 
1,slips ,sl ,none,na,context 
1,place ,pl ,none,na,context 
1,tweaking ,tw ,none,na,context 
1,sweeping ,sw ,none,na,context 
1,sloth ,sl ,none,na,context 
1,spreading ,sp,none,na,context 
1,sniffs ,sn ,none,na,context 
1,flock ,fl ,none,na,context 
1,snatch ,sn ,none,na,context 
1,small ,sm ,none,na,context 
1,slow ,sl ,none,na,context 
1,stop ,st ,none,na,context 
1,smacked ,sm ,none,na,context 
1,skeptical ,sk ,none,na,context 
1,fly ,fl ,none,na,context 
1,breeze ,br ,none,na,context 
1,queen ,kw ,none,na,context 
1,twitches ,tw ,none,na,context 
1,throttle ,θr,none,na,context 
1,brings ,br ,none,na,context 
1,three ,θr,none,na,context 
1,sleep ,sl ,none,na,context 
1,scarlett ,sk ,none,na,context 
1,creek ,kr ,none,na,context 
1,plethora ,pl ,none,na,context 
1,snow ,sn ,none,na,context 
1,smelling ,sm ,none,na,context 
1,brother ,br ,none,na,context 
1,freaks ,fr ,none,na,context 
1,starts ,st,none,na,context 
2,trot ,tr ,none,z,passage 
2,snaps ,sn ,none,n,passage 
2,dwayne ,dw ,anaptyxis ,na,passage 
2,cute ,kj ,none,e,passage 
2,swats ,sw ,none,d,passage 
2,gloves ,gl ,none,l,passage 
2,smith ,sm ,none,na,passage 
2,starts ,st ,none,s,passage 
2,steps ,st ,none,n,passage 
2,slugs ,sl ,none,i,passage 
2,quacks ,kw ,none,d,passage 
2,skip ,sk ,none,n,passage 
2,flying ,fl ,none,s,passage 
2,drink ,dr ,none,i,passage 
2,grabs ,gr ,none,d,passage 
2,smog ,sm ,none,k,passage 
2,beautiful ,bj ,none,r,passage 
2,dwarf ,dw ,none,e,passage 
2,quickly ,kw ,none,r,passage 
2,snoops ,sn ,none,d,passage 
2,bring ,br ,none,r,passage 
2,start ,st ,prothesis,d,passage 
2,flickering ,fl ,none,t,passage 
2,spark ,sp ,none,g,passage 
2,small ,sm ,none,s,passage 
2,scoop ,sk ,none,n,passage 
2,skin ,sk ,prothesis,z,passage 
2,snag ,sn ,prothesis,d,passage 
2,thread ,θr ,none,r,passage 
2,sweeps ,sw ,none,d,passage 
2,please ,pl ,none,na,passage 
2,floor ,fl ,none,i,passage 
2,thrashing ,θr,none,z,passage 
2,speed ,sp ,none,l,passage 
2,smiles ,sm ,prothesis ,p,passage 
2,swoon ,sw ,none,n,passage 
2,slouched ,sl ,none,z,passage 
2,swim ,sw ,none,d,passage 
2,dreaming ,dr ,none,p,passage 
2,twin ,tw ,none,r,passage 
2,bugle ,bj ,none,f,passage 
2,clean ,kl ,none,n,passage 
2,snips ,sn ,none,i,passage 
2,ground ,gr ,none,e,passage 
2,slips ,sl ,none,u,passage 
2,place ,pl ,none,u,passage 
2,tweaking ,tw ,none,n,passage 
2,sweeping ,sw ,none,z,passage 
2,sloth ,sl ,none,l,passage 
2,spreading ,sp,prothesis,l,passage 
2,sniffs ,sn ,none,o,passage 
2,flock ,fl ,none,e,passage 
2,snatch ,sn ,none,n,passage 
2,small ,sm ,none,r,passage 
2,slow ,sl ,none,t,passage 
2,stop ,st ,none,t,passage 
2,smacked ,sm ,none,t,passage 
2,skeptical ,sk ,none,z,passage 
2,fly ,fl ,none,s,passage 
2,breeze ,br ,none,e,passage 
2,queen ,kw ,none,e,passage 
2,twitches ,tw ,none,n,passage 
2,throttle ,θr,none,z,passage 
2,brings ,br ,none,r,passage 
2,three ,θr,none,m,passage 
2,sleep ,sl ,none,d,passage 
2,scarlett ,sk ,prothesis,k,passage 
2,creek ,kr ,none,r,passage 
2,plethora ,pl ,none,e,passage 
2,snow ,sn ,none,e,passage 
2,smelling ,sm ,none,z,passage 
2,brother ,br ,none,n,passage 
2,freaks ,fr ,none,i,passage 
2,starts ,st ,none,d,passage 
2,trot ,tr ,none,na,context 
2,snaps ,sn ,none,na,context 
2,dwayne ,dw ,anaptyxis ,na,context 
2,cute ,kj ,none,na,context 
2,swats ,sw ,none,na,context 
2,gloves ,gl ,none,na,context 
2,smith ,sm ,none,na,context 
2,starts ,st ,none,na,context 
2,steps ,st ,none,na,context 
2,slugs ,sl ,none,na,context 
2,quacks ,kw ,none,na,context 
2,skip ,sk ,none,na,context 
2,flying ,fl ,none,na,context 
2,drink ,dr ,none,na,context 
2,grabs ,gr ,none,na,context 
2,smog ,sm ,none,na,context 
2,beautiful ,bj ,none,na,context 
2,dwarf ,dw ,none,na,context 
2,quickly ,kw ,none,na,context 
2,snoops ,sn ,none,na,context 
2,bring ,br ,none,na,context 
2,start ,st ,none,na,context 
2,flickering ,fl ,none,na,context 
2,spark ,sp ,none,na,context 
2,small ,sm ,none,na,context 
2,scoop ,sk ,none,na,context 
2,skin ,sk ,none,na,context 
2,snag ,sn ,none,na,context 
2,thread ,θr ,none,na,context 
2,sweeps ,sw ,none,na,context 
2,please ,pl ,none,na,context 
2,floor ,fl ,none,na,context 
2,thrashing ,θr,none,na,context 
2,speed ,sp ,none,na,context 
2,smiles ,sm ,none,na,context 
2,swoon ,sw ,none,na,context 
2,slouched ,sl ,none,na,context 
2,swim ,sw ,none,na,context 
2,dreaming ,dr ,none,na,context 
2,twin ,tw ,none,na,context 
2,bugle ,bj ,none,na,context 
2,clean ,kl ,none,na,context 
2,snips ,sn ,none,na,context 
2,ground ,gr ,none,na,context 
2,slips ,sl ,none,na,context 
2,place ,pl ,none,na,context 
2,tweaking ,tw ,none,na,context 
2,sweeping ,sw ,none,na,context 
2,sloth ,sl ,none,na,context 
2,spreading ,sp,none,na,context 
2,sniffs ,sn ,none,na,context 
2,flock ,fl ,none,na,context 
2,snatch ,sn ,none,na,context 
2,small ,sm ,none,na,context 
2,slow ,sl ,none,na,context 
2,stop ,st ,none,na,context 
2,smacked ,sm ,none,na,context 
2,skeptical ,sk ,none,na,context 
2,fly ,fl ,none,na,context 
2,breeze ,br ,none,na,context 
2,queen ,kw ,none,na,context 
2,twitches ,tw ,none,na,context 
2,throttle ,θr,none,na,context 
2,brings ,br ,none,na,context 
2,three ,θr,none,na,context 
2,sleep ,sl ,none,na,context 
2,scarlett ,sk ,prothesis ,na,context 
2,creek ,kr ,none,na,context 
2,plethora ,pl ,none,na,context 
2,snow ,sn ,none,na,context 
2,smelling ,sm ,none,na,context 
2,brother ,br ,none,na,context 
2,freaks ,fr ,none,na,context 
2,starts ,st ,none,na,context 
3,trot ,tr ,none,z,passage 
3,snaps ,sn ,none,n,passage 
3,dwayne ,dw ,none,na,passage 
3,cute ,kj ,none,e,passage 
3,swats ,sw ,none,d,passage 
3,gloves ,gl ,none,l,passage 
3,smith ,sm ,none,na,passage 
3,starts ,st ,none,s,passage 
3,steps ,st ,none,n,passage 
3,slugs ,sl ,none,i,passage 
3,quacks ,kw ,none,d,passage 
3,skip ,sk ,none,n,passage 
3,flying ,fl ,none,s,passage 
3,drink ,dr ,none,i,passage 
3,grabs ,gr ,none,d,passage 
3,smog ,sm ,none,k,passage 
3,beautiful ,bj ,none,r,passage 
3,dwarf ,dw ,none,e,passage 
3,quickly ,kw ,none,r,passage 
3,snoops ,sn ,none,d,passage 
3,bring ,br ,none,r,passage 
3,start ,st ,none,d,passage 
3,flickering ,fl ,none,t,passage 
3,spark ,sp ,none,g,passage 
3,small ,sm ,none,s,passage 
3,scoop ,sk ,none,n,passage 
3,skin ,sk ,none,z,passage 
3,snag ,sn ,none,d,passage 
3,thread ,θr ,none,r,passage 
3,sweeps ,sw ,none,d,passage 
3,please ,pl ,none,na,passage 
3,floor ,fl ,none,i,passage 
3,thrashing ,θr,none,z,passage 
3,speed ,sp ,none,l,passage 
3,smiles ,sm ,none,p,passage 
3,swoon ,sw ,none,n,passage 
3,slouched ,sl ,none,z,passage 
3,swim ,sw ,none,d,passage 
3,dreaming ,dr ,none,p,passage 
3,twin ,tw ,none,r,passage 
3,bugle ,bj ,none,f,passage 
3,clean ,kl ,none,n,passage 
3,snips ,sn ,none,i,passage 
3,ground ,gr ,none,e,passage 
3,slips ,sl ,none,u,passage 
3,place ,pl ,none,u,passage 
3,tweaking ,tw ,none,n,passage 
3,sweeping ,sw ,none,z,passage 
3,sloth ,sl ,none,l,passage 
3,spreading ,sp,none,l,passage 
3,sniffs ,sn ,none,o,passage 
3,flock ,fl ,none,e,passage 
3,snatch ,sn ,none,n,passage 
3,small ,sm ,none,r,passage 
3,slow ,sl ,none,t,passage 
3,stop ,st ,none,t,passage 
3,smacked ,sm ,none,t,passage 
3,skeptical ,sk ,none,z,passage 
3,fly ,fl ,none,s,passage 
3,breeze ,br ,none,e,passage 
3,queen ,kw ,none,e,passage 
3,twitches ,tw ,none,n,passage 
3,throttle ,θr,none,z,passage 
3,brings ,br ,none,r,passage 
3,three ,θr,none,m,passage 
3,sleep ,sl ,none,d,passage 
3,scarlett ,sk ,none,k,passage 
3,creek ,kr ,none,r,passage 
3,plethora ,pl ,none,e,passage 
3,snow ,sn ,none,e,passage 
3,smelling ,sm ,none,z,passage 
3,brother ,br ,none,n,passage 
3,freaks ,fr ,none,i,passage 
3,start,st,none,d,passage 
3,trot ,tr ,none,na,context 
3,snaps ,sn ,none,na,context 
3,dwayne ,dw ,none,na,context 
3,cute ,kj ,none,na,context 
3,swats ,sw ,none,na,context 
3,gloves ,gl ,none,na,context 
3,smith ,sm ,none,na,context 
3,starts ,st ,none,na,context 
3,steps ,st ,none,na,context 
3,slugs ,sl ,none,na,context 
3,quacks ,kw ,none,na,context 
3,skip ,sk ,none,na,context 
3,flying ,fl ,none,na,context 
3,drink ,dr ,none,na,context 
3,grabs ,gr ,none,na,context 
3,smog ,sm ,none,na,context 
3,beautiful ,bj ,none,na,context 
3,dwarf ,dw ,none,na,context 
3,quickly ,kw ,none,na,context 
3,snoops ,sn ,none,na,context 
3,bring ,br ,none,na,context 
3,start ,st ,none,na,context 
3,flickering ,fl ,none,na,context 
3,spark ,sp ,none,na,context 
3,small ,sm ,none,na,context 
3,scoop ,sk ,none,na,context 
3,skin ,sk ,none,na,context 
3,snag ,sn ,none,na,context 
3,thread ,θr ,none,na,context 
3,sweeps ,sw ,none,na,context 
3,please ,pl ,none,na,context 
3,floor ,fl ,none,na,context 
3,thrashing ,θr,none,na,context 
3,speed ,sp ,none,na,context 
3,smiles ,sm ,none,na,context 
3,swoon ,sw ,none,na,context 
3,slouched ,sl ,none,na,context 
3,swim ,sw ,none,na,context 
3,dreaming ,dr ,none,na,context 
3,twin ,tw ,none,na,context 
3,bugle ,bj ,none,na,context 
3,clean ,kl ,none,na,context 
3,snips ,sn ,none,na,context 
3,ground ,gr ,none,na,context 
3,slips ,sl ,none,na,context 
3,place ,pl ,none,na,context 
3,tweaking ,tw ,none,na,context 
3,sweeping ,sw ,none,na,context 
3,sloth ,sl ,none,na,context 
3,spreading ,sp,none,na,context 
3,sniffs ,sn ,none,na,context 
3,flock ,fl ,none,na,context 
3,snatch ,sn ,none,na,context 
3,small ,sm ,none,na,context 
3,slow ,sl ,none,na,context 
3,stop ,st ,none,na,context 
3,smacked ,sm ,none,na,context 
3,skeptical ,sk ,none,na,context 
3,fly ,fl ,none,na,context 
3,breeze ,br ,none,na,context 
3,queen ,kw ,none,na,context 
3,twitches ,tw ,none,na,context 
3,throttle ,θr,none,na,context 
3,brings ,br ,none,na,context 
3,three ,θr,none,na,context 
3,sleep ,sl ,none,na,context 
3,scarlett ,sk ,none,na,context 
3,creek ,kr ,none,na,context 
3,plethora ,pl ,none,na,context 
3,snow ,sn ,none,na,context 
3,smelling ,sm ,none,na,context 
3,brother ,br ,none,na,context 
3,freaks ,fr ,none,na,context 
3,start ,st,none,na,context
4,trot ,tr ,none,z,passage 
4,snaps ,sn ,none,n,passage 
4,dwayne ,dw ,none,na,passage 
4,cute ,kj ,none,e,passage 
4,swats ,sw ,none,d,passage 
4,gloves ,gl ,none,l,passage 
4,smith ,sm ,none,na,passage 
4,starts ,st ,none,s,passage 
4,steps ,st ,none,n,passage 
4,slugs ,sl ,none,i,passage 
4,quacks ,kw ,none,d,passage 
4,skip ,sk ,none,n,passage 
4,flying ,fl ,none,s,passage 
4,drink ,dr ,none,i,passage 
4,grabs ,gr ,none,d,passage 
4,smog ,sm ,none,k,passage 
4,beautiful ,bj ,none,r,passage 
4,dwarf ,dw ,none,e,passage 
4,quickly ,kw ,none,r,passage 
4,snoops ,sn ,prothesis ,d,passage 
4,bring ,br ,none,r,passage 
4,start ,st ,none,d,passage 
4,flickering ,fl ,none,t,passage 
4,spark ,sp ,none,g,passage 
4,small ,sm ,none,s,passage 
4,scoop ,sk ,none,n,passage 
4,skin ,sk ,none,z,passage 
4,snag ,sn ,none,d,passage 
4,thread ,θr ,none,r,passage 
4,sweeps ,sw ,none,d,passage 
4,please ,pl ,none,na,passage 
4,floor ,fl ,none,i,passage 
4,thrashing ,θr,none,z,passage 
4,speed ,sp ,none,l,passage 
4,smiles ,sm ,none,p,passage 
4,swoon ,sw ,none,n,passage 
4,slouched ,sl ,none,z,passage 
4,swim ,sw ,none,d,passage 
4,dreaming ,dr ,none,p,passage 
4,twin ,tw ,none,r,passage 
4,bugle ,bj ,none,f,passage 
4,clean ,kl ,none,n,passage 
4,snips ,sn ,none,i,passage 
4,ground ,gr ,none,e,passage 
4,slips ,sl ,none,u,passage 
4,place ,pl ,none,u,passage 
4,tweaking ,tw ,none,n,passage 
4,sweeping ,sw ,none,z,passage 
4,sloth ,sl ,none,l,passage 
4,spreading ,sp,none,l,passage 
4,sniffs ,sn ,none,o,passage 
4,flock ,fl ,none,e,passage 
4,snatch ,sn ,none,n,passage 
4,small ,sm ,none,r,passage 
4,slow ,sl ,none,t,passage 
4,stop ,st ,none,t,passage 
4,smacked ,sm ,none,t,passage 
4,skeptical ,sk ,prothesis ,z,passage 
4,fly ,fl ,none,s,passage 
4,breeze ,br ,none,e,passage 
4,queen ,kw ,none,e,passage 
4,twitches ,tw ,none,n,passage 
4,throttle ,θr,none,z,passage 
4,brings ,br ,none,r,passage 
4,three ,θr,none,m,passage 
4,sleep ,sl ,none,d,passage 
4,scarlett ,sk ,none,k,passage 
4,creek ,kr ,none,r,passage 
4,plethora ,pl ,anaptyxis ,e,passage 
4,snow ,sn ,none,e,passage 
4,smelling ,sm ,none,z,passage 
4,brother ,br ,none,n,passage 
4,freaks ,fr ,none,i,passage 
4,start,st,none,d,passage
4,trot ,tr ,none,na,context 
4,snaps ,sn ,none,na,context 
4,dwayne ,dw ,none,na,context 
4,cute ,kj ,none,na,context 
4,swats ,sw ,none,na,context 
4,gloves ,gl ,none,na,context 
4,smith ,sm ,none,na,context 
4,starts ,st ,none,na,context 
4,steps ,st ,none,na,context 
4,slugs ,sl ,none,na,context 
4,quacks ,kw ,none,na,context 
4,skip ,sk ,none,na,context 
4,flying ,fl ,none,na,context 
4,drink ,dr ,none,na,context 
4,grabs ,gr ,none,na,context 
4,smog ,sm ,none,na,context 
4,beautiful ,bj ,none,na,context 
4,dwarf ,dw ,none,na,context 
4,quickly ,kw ,none,na,context 
4,snoops ,sn ,none,na,context 
4,bring ,br ,none,na,context 
4,start ,st ,none,na,context 
4,flickering ,fl ,none,na,context 
4,spark ,sp ,none,na,context 
4,small ,sm ,none,na,context 
4,scoop ,sk ,none,na,context 
4,skin ,sk ,none,na,context 
4,snag ,sn ,none,na,context 
4,thread ,θr ,none,na,context 
4,sweeps ,sw ,none,na,context 
4,please ,pl ,none,na,context 
4,floor ,fl ,none,na,context 
4,thrashing ,θr,none,na,context 
4,speed ,sp ,none,na,context 
4,smiles ,sm ,none,na,context 
4,swoon ,sw ,none,na,context 
4,slouched ,sl ,none,na,context 
4,swim ,sw ,none,na,context 
4,dreaming ,dr ,none,na,context 
4,twin ,tw ,none,na,context 
4,bugle ,bj ,na,na,context 
4,clean ,kl ,none,na,context 
4,snips ,sn ,none,na,context 
4,ground ,gr ,none,na,context 
4,slips ,sl ,none,na,context 
4,place ,pl ,none,na,context 
4,tweaking ,tw ,none,na,context 
4,sweeping ,sw ,none,na,context 
4,sloth ,sl ,none,na,context 
4,spreading ,sp,none,na,context 
4,sniffs ,sn ,none,na,context 
4,flock ,fl ,none,na,context 
4,snatch ,sn ,none,na,context 
4,small ,sm ,none,na,context 
4,slow ,sl ,none,na,context 
4,stop ,st ,none,na,context 
4,smacked ,sm ,none,na,context 
4,skeptical ,sk ,none,na,context 
4,fly ,fl ,none,na,context 
4,breeze ,br ,none,na,context 
4,queen ,kw ,none,na,context 
4,twitches ,tw ,none,na,context 
4,throttle ,θr,none,na,context 
4,brings ,br ,none,na,context 
4,three ,θr,none,na,context 
4,sleep ,sl ,none,na,context 
4,scarlett ,sk ,prothesis,na,context 
4,creek ,kr ,none,na,context 
4,plethora ,pl ,none,na,context 
4,snow ,sn ,none,na,context 
4,smelling ,sm ,none,na,context 
4,brother ,br ,none,na,context 
4,freaks ,fr ,none,na,context 
4,start,st,none,na,context
5,trot ,tr ,none,z,passage 
5,snaps ,sn ,none,n,passage 
5,dwayne ,dw ,none,na,passage 
5,cute ,kj ,none,e,passage 
5,swats ,sw ,none,d,passage 
5,gloves ,gl ,none,l,passage 
5,smith ,sm ,none,na,passage 
5,starts ,st ,none,s,passage 
5,steps ,st ,none,n,passage 
5,slugs ,sl ,none,i,passage 
5,quacks ,kw ,none,d,passage 
5,skip ,sk ,none,n,passage 
5,flying ,fl ,none,s,passage 
5,drink ,dr ,none,i,passage 
5,grabs ,gr ,none,d,passage 
5,smog ,sm ,none,k,passage 
5,beautiful ,bj ,none,r,passage 
5,dwarf ,dw ,none,e,passage 
5,quickly ,kw ,none,r,passage 
5,snoops ,sn ,none,d,passage 
5,bring ,br ,none,r,passage 
5,start ,st ,none,d,passage 
5,flickering ,fl ,none,t,passage 
5,spark ,sp ,none,g,passage 
5,small ,sm ,none,s,passage 
5,scoop ,sk ,none,n,passage 
5,skin ,sk ,none,z,passage 
5,snag ,sn ,none,d,passage 
5,thread ,θr ,none,r,passage 
5,sweeps ,sw ,none,d,passage 
5,please ,pl ,none,na,passage 
5,floor ,fl ,none,i,passage 
5,thrashing ,θr,none,z,passage 
5,speed ,sp ,none,l,passage 
5,smiles ,sm ,none,p,passage 
5,swoon ,sw ,none,n,passage 
5,slouched ,sl ,none,z,passage 
5,swim ,sw ,none,d,passage 
5,dreaming ,dr ,none,p,passage 
5,twin ,tw ,none,r,passage 
5,bugle ,bj ,none,f,passage 
5,clean ,kl ,none,n,passage 
5,snips ,sn ,none,i,passage 
5,ground ,gr ,none,e,passage 
5,slips ,sl ,none,u,passage 
5,place ,pl ,none,u,passage 
5,tweaking ,tw ,none,n,passage 
5,sweeping ,sw ,none,z,passage 
5,sloth ,sl ,none,l,passage 
5,spreading ,sp,none,l,passage 
5,sniffs ,sn ,none,o,passage 
5,flock ,fl ,none,e,passage 
5,snatch ,sn ,none,n,passage 
5,small ,sm ,none,r,passage 
5,slow ,sl ,none,t,passage 
5,stop ,st ,none,t,passage 
5,smacked ,sm ,none,t,passage 
5,skeptical ,sk ,none,z,passage 
5,fly ,fl ,none,s,passage 
5,breeze ,br ,none,e,passage 
5,queen ,kw ,none,e,passage 
5,twitches ,tw ,none,n,passage 
5,throttle ,θr,none,z,passage 
5,brings ,br ,none,r,passage 
5,three ,θr,none,m,passage 
5,sleep ,sl ,none,d,passage 
5,scarlett ,sk ,none,k,passage 
5,creek ,kr ,none,r,passage 
5,plethora ,pl ,none,e,passage 
5,snow ,sn ,none,e,passage 
5,smelling ,sm ,none,z,passage 
5,brother ,br ,none,n,passage 
5,freaks ,fr ,none,i,passage 
5,start,st,none,d,passage 
5,trot ,tr ,na,na,context 
5,snaps ,sn ,na,na,context 
5,dwayne ,dw ,na,na,context 
5,cute ,kj ,na,na,context 
5,swats ,sw ,na,na,context 
5,gloves ,gl ,na,na,context 
5,smith ,sm ,na,na,context 
5,starts ,st ,na,na,context 
5,steps ,st ,na,na,context 
5,slugs ,sl ,na,na,context 
5,quacks ,kw ,na,na,context 
5,skip ,sk ,na,na,context 
5,flying ,fl ,na,na,context 
5,drink ,dr ,na,na,context 
5,grabs ,gr ,na,na,context 
5,smog ,sm ,na,na,context 
5,beautiful ,bj ,na,na,context 
5,dwarf ,dw ,na,na,context 
5,quickly ,kw ,na,na,context 
5,snoops ,sn ,na,na,context 
5,bring ,br ,na,na,context 
5,start ,st ,na,na,context 
5,flickering ,fl ,na,na,context 
5,spark ,sp ,na,na,context 
5,small ,sm ,na,na,context 
5,scoop ,sk ,na,na,context 
5,skin ,sk ,na,na,context 
5,snag ,sn ,na,na,context 
5,thread ,θr ,na,na,context 
5,sweeps ,sw ,na,na,context 
5,please ,pl ,na,na,context 
5,floor ,fl ,na,na,context 
5,thrashing ,θr,na,na,context 
5,speed ,sp ,na,na,context 
5,smiles ,sm ,na,na,context 
5,swoon ,sw ,na,na,context 
5,slouched ,sl ,na,na,context 
5,swim ,sw ,na,na,context 
5,dreaming ,dr ,na,na,context 
5,twin ,tw ,na,na,context 
5,bugle ,bj ,na,na,context 
5,clean ,kl ,na,na,context 
5,snips ,sn ,na,na,context 
5,ground ,gr ,na,na,context 
5,slips ,sl ,na,na,context 
5,place ,pl ,na,na,context 
5,tweaking ,tw ,na,na,context 
5,sweeping ,sw ,na,na,context 
5,sloth ,sl ,na,na,context 
5,spreading ,sp,na,na,context 
5,sniffs ,sn ,na,na,context 
5,flock ,fl ,na,na,context 
5,snatch ,sn ,na,na,context 
5,small ,sm ,na,na,context 
5,slow ,sl ,na,na,context 
5,stop ,st ,na,na,context 
5,smacked ,sm ,na,na,context 
5,skeptical ,sk ,na,na,context 
5,fly ,fl ,na,na,context 
5,breeze ,br ,na,na,context 
5,queen ,kw ,na,na,context 
5,twitches ,tw ,na,na,context 
5,throttle ,θr,na,na,context 
5,brings ,br ,na,na,context 
5,three ,θr,na,na,context 
5,sleep ,sl ,na,na,context 
5,scarlett ,sk ,na,na,context 
5,creek ,kr ,na,na,context 
5,plethora ,pl ,na,na,context 
5,snow ,sn ,na,na,context 
5,smelling ,sm ,na,na,context 
5,brother ,br ,na,na,context 
5,freaks ,fr ,na,na,context 
5,start,st,na,na,context 
6,trot ,tr ,none,z,passage 
6,snaps ,sn ,none,n,passage 
6,dwayne ,dw ,na,na,passage 
6,cute ,kj ,none,e,passage 
6,swats ,sw ,none,d,passage 
6,gloves ,gl ,none,l,passage 
6,smith ,sm ,na,na,passage 
6,starts ,st ,prothesis ,s,passage 
6,steps ,st ,prothesis ,n,passage 
6,slugs ,sl ,none,i,passage 
6,quacks ,kw ,na,d,passage 
6,skip ,sk ,none,n,passage 
6,flying ,fl ,none,s,passage 
6,drink ,dr ,none,i,passage 
6,grabs ,gr ,anaptyxis ,d,passage 
6,smog ,sm ,none,k,passage 
6,beautiful ,bj ,none,r,passage 
6,dwarf ,dw ,none,e,passage 
6,quickly ,kw ,none,r,passage 
6,snoops ,sn ,none,d,passage 
6,bring ,br ,none,r,passage 
6,start ,st ,prothesis ,d,passage 
6,flickering ,fl ,none,t,passage 
6,spark ,sp ,none,g,passage 
6,small ,sm ,none,s,passage 
6,scoop ,sk ,none,n,passage 
6,skin ,sk ,prothesis ,z,passage 
6,snag ,sn ,none,d,passage 
6,thread ,θr ,none,r,passage 
6,sweeps ,sw ,none,d,passage 
6,please ,pl ,anaptyxis ,na,passage 
6,floor ,fl ,none,i,passage 
6,thrashing ,θr,none,z,passage 
6,speed ,sp ,prothesis ,l,passage 
6,smiles ,sm ,none,p,passage 
6,swoon ,sw ,none,n,passage 
6,slouched ,sl ,prothesis ,z,passage 
6,swim ,sw ,prothesis ,d,passage 
6,dreaming ,dr ,none,p,passage 
6,twin ,tw ,none,r,passage 
6,bugle ,bj ,na,f,passage 
6,clean ,kl ,none,n,passage 
6,snips ,sn ,none,i,passage 
6,ground ,gr ,none,e,passage 
6,slips ,sl ,na,u,passage 
6,place ,pl ,anaptyxis ,u,passage 
6,tweaking ,tw ,none,n,passage 
6,sweeping ,sw ,na,z,passage 
6,sloth ,sl ,none,l,passage 
6,spreading ,sp,prothesis ,l,passage 
6,sniffs ,sn ,none,o,passage 
6,flock ,fl ,none,e,passage 
6,snatch ,sn ,none,n,passage 
6,small ,sm ,prothesis ,r,passage 
6,slow ,sl ,none,t,passage 
6,stop ,st ,none,t,passage 
6,smacked ,sm ,none,t,passage 
6,skeptical ,sk ,none,z,passage 
6,fly ,fl ,none,s,passage 
6,breeze ,br ,none,e,passage 
6,queen ,kw ,none,e,passage 
6,twitches ,tw ,none,n,passage 
6,throttle ,θr,na,z,passage 
6,brings ,br ,none,r,passage 
6,three ,θr,none,m,passage 
6,sleep ,sl ,none,d,passage 
6,scarlett ,sk ,prothesis ,k,passage 
6,creek ,kr ,none,r,passage 
6,plethora ,pl ,none,e,passage 
6,snow ,sn ,none,e,passage 
6,smelling ,sm ,none,z,passage 
6,brother ,br ,none,n,passage 
6,freaks ,fr ,none,i,passage 
6,start,st,prothesis,d,passage 
6,trot ,tr ,na,na,context 
6,snaps ,sn ,na,na,context 
6,dwayne ,dw ,na,na,context 
6,cute ,kj ,na,na,context 
6,swats ,sw ,na,na,context 
6,gloves ,gl ,na,na,context 
6,smith ,sm ,na,na,context 
6,starts ,st ,na,na,context 
6,steps ,st ,na,na,context 
6,slugs ,sl ,na,na,context 
6,quacks ,kw ,na,na,context 
6,skip ,sk ,na,na,context 
6,flying ,fl ,na,na,context 
6,drink ,dr ,na,na,context 
6,grabs ,gr ,na,na,context 
6,smog ,sm ,na,na,context 
6,beautiful ,bj ,na,na,context 
6,dwarf ,dw ,na,na,context 
6,quickly ,kw ,na,na,context 
6,snoops ,sn ,na,na,context 
6,bring ,br ,na,na,context 
6,start ,st ,na,na,context 
6,flickering ,fl ,na,na,context 
6,spark ,sp ,na,na,context 
6,small ,sm ,na,na,context 
6,scoop ,sk ,na,na,context 
6,skin ,sk ,na,na,context 
6,snag ,sn ,na,na,context 
6,thread ,θr ,na,na,context 
6,sweeps ,sw ,na,na,context 
6,please ,pl ,na,na,context 
6,floor ,fl ,na,na,context 
6,thrashing ,θr,na,na,context 
6,speed ,sp ,na,na,context 
6,smiles ,sm ,na,na,context 
6,swoon ,sw ,na,na,context 
6,slouched ,sl ,na,na,context 
6,swim ,sw ,na,na,context 
6,dreaming ,dr ,na,na,context 
6,twin ,tw ,na,na,context 
6,bugle ,bj ,na,na,context 
6,clean ,kl ,na,na,context 
6,snips ,sn ,na,na,context 
6,ground ,gr ,na,na,context 
6,slips ,sl ,na,na,context 
6,place ,pl ,na,na,context 
6,tweaking ,tw ,na,na,context 
6,sweeping ,sw ,na,na,context 
6,sloth ,sl ,na,na,context 
6,spreading ,sp,na,na,context 
6,sniffs ,sn ,na,na,context 
6,flock ,fl ,na,na,context 
6,snatch ,sn ,na,na,context 
6,small ,sm ,na,na,context 
6,slow ,sl ,na,na,context 
6,stop ,st ,na,na,context 
6,smacked ,sm ,na,na,context 
6,skeptical ,sk ,na,na,context 
6,fly ,fl ,na,na,context 
6,breeze ,br ,na,na,context 
6,queen ,kw ,na,na,context 
6,twitches ,tw ,na,na,context 
6,throttle ,θr,na,na,context 
6,brings ,br ,na,na,context 
6,three ,θr,na,na,context 
6,sleep ,sl ,na,na,context 
6,scarlett ,sk ,na,na,context 
6,creek ,kr ,na,na,context 
6,plethora ,pl ,na,na,context 
6,snow ,sn ,na,na,context 
6,smelling ,sm ,na,na,context 
6,brother ,br ,na,na,context 
6,freaks ,fr ,na,na,context 
6,start,st,na,na,context 
7,trot ,tr ,anaptyxis ,z,passage 
7,snaps ,sn ,prothesis ,n,passage 
7,dwayne ,dw ,na,na,passage 
7,cute ,kj ,none,e,passage 
7,swats ,sw ,none,d,passage 
7,gloves ,gl ,anaptyxis ,l,passage 
7,smith ,sm ,prothesis ,na,passage 
7,starts ,st ,prothesis ,s,passage 
7,steps ,st ,prothesis ,n,passage 
7,slugs ,sl ,prothesis ,i,passage 
7,quacks ,kw ,none,d,passage 
7,skip ,sk ,prothesis,n,passage 
7,flying ,fl ,anaptyxis ,s,passage 
7,drink ,dr ,anaptyxis ,i,passage 
7,grabs ,gr ,anaptyxis ,d,passage 
7,smog ,sm ,none,k,passage 
7,beautiful ,bj ,none,r,passage 
7,dwarf ,dw ,none,e,passage 
7,quickly ,kw ,anaptyxis ,r,passage 
7,snoops ,sn ,prothesis,d,passage 
7,bring ,br ,anaptyxis ,r,passage 
7,start ,st ,prothesis ,d,passage 
7,flickering ,fl ,anaptyxis ,t,passage 
7,spark ,sp ,prothesis ,g,passage 
7,small ,sm ,prothesis ,s,passage 
7,scoop ,sk ,prothesis ,n,passage 
7,skin ,sk ,prothesis ,z,passage 
7,snag ,sn ,prothesis ,d,passage 
7,thread ,θr ,anaptyxis ,r,passage 
7,sweeps ,sw ,none,d,passage 
7,please ,pl ,anaptyxis ,na,passage 
7,floor ,fl ,anaptyxis ,i,passage 
7,thrashing ,θr,anaptyxis ,z,passage 
7,speed ,sp ,prothesis ,l,passage 
7,smiles ,sm ,prothesis ,p,passage 
7,swoon ,sw ,anaptyxis ,n,passage 
7,slouched ,sl ,none,z,passage 
7,swim ,sw ,none,d,passage 
7,dreaming ,dr ,anaptyxis ,p,passage 
7,twin ,tw ,anaptyxis ,r,passage 
7,bugle ,bj ,na,f,passage 
7,clean ,kl ,anaptyxis ,n,passage 
7,snips ,sn ,none,i,passage 
7,ground ,gr ,anaptyxis ,e,passage 
7,slips ,sl ,prothesis ,u,passage 
7,place ,pl ,anaptyxis,u,passage 
7,tweaking ,tw ,anaptyxis ,n,passage 
7,sweeping ,sw ,anaptyxis ,z,passage 
7,sloth ,sl ,prothesis ,l,passage 
7,spreading ,sp,prothesis ,l,passage 
7,sniffs ,sn ,prothesis ,o,passage 
7,flock ,fl ,none,e,passage 
7,snatch ,sn ,prothesis,n,passage 
7,small ,sm ,prothesis,r,passage 
7,slow ,sl ,prothesis,t,passage 
7,stop ,st ,prothesis,t,passage 
7,smacked ,sm ,prothesis,t,passage 
7,skeptical ,sk ,prothesis,z,passage 
7,fly ,fl ,anaptyxis ,s,passage 
7,breeze ,br ,anaptyxis ,e,passage 
7,queen ,kw ,none,e,passage 
7,twitches ,tw ,anaptyxis ,n,passage 
7,throttle ,θr,none,z,passage 
7,brings ,br ,anaptyxis ,r,passage 
7,three ,θr,anaptyxis ,m,passage 
7,sleep ,sl ,prothesis ,d,passage 
7,scarlett ,sk ,prothesis,k,passage 
7,creek ,kr ,anaptyxis ,r,passage 
7,plethora ,pl ,anaptyxis,e,passage 
7,snow ,sn ,prothesis,e,passage 
7,smelling ,sm ,prothesis ,z,passage 
7,brother ,br ,anaptyxis ,n,passage 
7,freaks ,fr ,anaptyxis ,i,passage 
7,start,st,prothesis ,d,passage 
7,trot ,tr ,na,na,context 
7,snaps ,sn ,na,na,context 
7,dwayne ,dw ,na,na,context 
7,cute ,kj ,na,na,context 
7,swats ,sw ,na,na,context 
7,gloves ,gl ,na,na,context 
7,smith ,sm ,na,na,context 
7,starts ,st ,na,na,context 
7,steps ,st ,na,na,context 
7,slugs ,sl ,na,na,context 
7,quacks ,kw ,na,na,context 
7,skip ,sk ,na,na,context 
7,flying ,fl ,na,na,context 
7,drink ,dr ,na,na,context 
7,grabs ,gr ,na,na,context 
7,smog ,sm ,na,na,context 
7,beautiful ,bj ,na,na,context 
7,dwarf ,dw ,na,na,context 
7,quickly ,kw ,na,na,context 
7,snoops ,sn ,na,na,context 
7,bring ,br ,na,na,context 
7,start ,st ,na,na,context 
7,flickering ,fl ,na,na,context 
7,spark ,sp ,na,na,context 
7,small ,sm ,na,na,context 
7,scoop ,sk ,na,na,context 
7,skin ,sk ,na,na,context 
7,snag ,sn ,na,na,context 
7,thread ,θr ,na,na,context 
7,sweeps ,sw ,na,na,context 
7,please ,pl ,na,na,context 
7,floor ,fl ,na,na,context 
7,thrashing ,θr,na,na,context 
7,speed ,sp ,na,na,context 
7,smiles ,sm ,na,na,context 
7,swoon ,sw ,na,na,context 
7,slouched ,sl ,na,na,context 
7,swim ,sw ,na,na,context 
7,dreaming ,dr ,na,na,context 
7,twin ,tw ,na,na,context 
7,bugle ,bj ,na,na,context 
7,clean ,kl ,na,na,context 
7,snips ,sn ,na,na,context 
7,ground ,gr ,na,na,context 
7,slips ,sl ,na,na,context 
7,place ,pl ,na,na,context 
7,tweaking ,tw ,na,na,context 
7,sweeping ,sw ,na,na,context 
7,sloth ,sl ,na,na,context 
7,spreading ,sp,na,na,context 
7,sniffs ,sn ,na,na,context 
7,flock ,fl ,na,na,context 
7,snatch ,sn ,na,na,context 
7,small ,sm ,na,na,context 
7,slow ,sl ,na,na,context 
7,stop ,st ,na,na,context 
7,smacked ,sm ,na,na,context 
7,skeptical ,sk ,na,na,context 
7,fly ,fl ,na,na,context 
7,breeze ,br ,na,na,context 
7,queen ,kw ,na,na,context 
7,twitches ,tw ,na,na,context 
7,throttle ,θr,na,na,context 
7,brings ,br ,na,na,context 
7,three ,θr,na,na,context 
7,sleep ,sl ,na,na,context 
7,scarlett ,sk ,na,na,context 
7,creek ,kr ,na,na,context 
7,plethora ,pl ,na,na,context 
7,snow ,sn ,na,na,context 
7,smelling ,sm ,na,na,context 
7,brother ,br ,na,na,context 
7,freaks ,fr ,na,na,context 
7,start,st,na,na,context 
8,trot ,tr ,na,z,passage 
8,snaps ,sn ,na,n,passage 
8,dwayne ,dw ,na,na,passage 
8,cute ,kj ,na,e,passage 
8,swats ,sw ,na,d,passage 
8,gloves ,gl ,na,l,passage 
8,smith ,sm ,na,na,passage 
8,starts ,st ,na,s,passage 
8,steps ,st ,na,n,passage 
8,slugs ,sl ,na,i,passage 
8,quacks ,kw ,na,d,passage 
8,skip ,sk ,na,n,passage 
8,flying ,fl ,na,s,passage 
8,drink ,dr ,na,i,passage 
8,grabs ,gr ,na,d,passage 
8,smog ,sm ,na,k,passage 
8,beautiful ,bj ,na,r,passage 
8,dwarf ,dw ,na,e,passage 
8,quickly ,kw ,na,r,passage 
8,snoops ,sn ,na,d,passage 
8,bring ,br ,na,r,passage 
8,start ,st ,na,d,passage 
8,flickering ,fl ,na,t,passage 
8,spark ,sp ,na,g,passage 
8,small ,sm ,na,s,passage 
8,scoop ,sk ,na,n,passage 
8,skin ,sk ,na,z,passage 
8,snag ,sn ,na,d,passage 
8,thread ,θr ,na,r,passage 
8,sweeps ,sw ,na,d,passage 
8,please ,pl ,na,na,passage 
8,floor ,fl ,na,i,passage 
8,thrashing ,θr,na,z,passage 
8,speed ,sp ,na,l,passage 
8,smiles ,sm ,na,p,passage 
8,swoon ,sw ,na,n,passage 
8,slouched ,sl ,na,z,passage 
8,swim ,sw ,na,d,passage 
8,dreaming ,dr ,na,p,passage 
8,twin ,tw ,na,r,passage 
8,bugle ,bj ,na,f,passage 
8,clean ,kl ,na,n,passage 
8,snips ,sn ,na,i,passage 
8,ground ,gr ,na,e,passage 
8,slips ,sl ,na,u,passage 
8,place ,pl ,na,u,passage 
8,tweaking ,tw ,na,n,passage 
8,sweeping ,sw ,na,z,passage 
8,sloth ,sl ,na,l,passage 
8,spreading ,sp,na,l,passage 
8,sniffs ,sn ,na,o,passage 
8,flock ,fl ,na,e,passage 
8,snatch ,sn ,na,n,passage 
8,small ,sm ,na,r,passage 
8,slow ,sl ,na,t,passage 
8,stop ,st ,na,t,passage 
8,smacked ,sm ,na,t,passage 
8,skeptical ,sk ,na,z,passage 
8,fly ,fl ,na,s,passage 
8,breeze ,br ,na,e,passage 
8,queen ,kw ,na,e,passage 
8,twitches ,tw ,na,n,passage 
8,throttle ,θr,na,z,passage 
8,brings ,br ,na,r,passage 
8,three ,θr,na,m,passage 
8,sleep ,sl ,na,d,passage 
8,scarlett ,sk ,na,k,passage 
8,creek ,kr ,na,r,passage 
8,plethora ,pl ,na,e,passage 
8,snow ,sn ,na,e,passage 
8,smelling ,sm ,na,z,passage 
8,brother ,br ,na,n,passage 
8,freaks ,fr ,na,i,passage 
8,start,st,na,d,passage 
8,trot ,tr ,anaptyxis ,na,context 
8,snaps ,sn ,prothesis ,na,context 
8,dwayne ,dw ,na ,na,context 
8,cute ,kj ,none ,na,context 
8,swats ,sw ,none ,na,context 
8,gloves ,gl ,anaptyxis ,na,context 
8,smith ,sm ,prothesis ,na,context 
8,starts ,st ,prothesis ,na,context 
8,steps ,st ,prothesis ,na,context 
8,slugs ,sl ,prothesis ,na,context 
8,quacks ,kw ,anaptyxis ,na,context 
8,skip ,sk ,prothesis ,na,context 
8,flying ,fl ,anaptyxis ,na,context 
8,drink ,dr ,anaptyxis ,na,context 
8,grabs ,gr ,anaptyxis ,na,context 
8,smog ,sm ,prothesis ,na,context 
8,beautiful ,bj ,none ,na,context 
8,dwarf ,dw ,na ,na,context 
8,quickly ,kw ,none ,na,context 
8,snoops ,sn ,prothesis ,na,context 
8,bring ,br ,anaptyxis ,na,context 
8,start ,st ,prothesis ,na,context 
8,flickering ,fl ,anaptyxis ,na,context 
8,spark ,sp ,prothesis ,na,context 
8,small ,sm ,prothesis ,na,context 
8,scoop ,sk ,prothesis ,na,context 
8,skin ,sk ,prothesis ,na,context 
8,snag ,sn ,prothesis ,na,context 
8,thread ,θr ,anaptyxis ,na,context 
8,sweeps ,sw ,none ,na,context 
8,please ,pl ,anaptyxis ,na,context 
8,floor ,fl ,anaptyxis ,na,context 
8,thrashing ,θr,anaptyxis ,na,context 
8,speed ,sp ,prothesis ,na,context 
8,smiles ,sm ,prothesis ,na,context 
8,swoon ,sw ,none ,na,context 
8,slouched ,sl ,prothesis ,na,context 
8,swim ,sw ,none ,na,context 
8,dreaming ,dr ,anaptyxis ,na,context 
8,twin ,tw ,anaptyxis ,na,context 
8,bugle ,bj ,na ,na,context 
8,clean ,kl ,anaptyxis ,na,context 
8,snips ,sn ,prothesis ,na,context 
8,ground ,gr ,anaptyxis ,na,context 
8,slips ,sl ,prothesis ,na,context 
8,place ,pl ,anaptyxis ,na,context 
8,tweaking ,tw ,anaptyxis ,na,context 
8,sweeping ,sw ,none ,na,context 
8,sloth ,sl ,prothesis ,na,context 
8,spreading ,sp,prothesis ,na,context 
8,sniffs ,sn ,prothesis ,na,context 
8,flock ,fl ,anaptyxis ,na,context 
8,snatch ,sn ,prothesis ,na,context 
8,small ,sm ,prothesis ,na,context 
8,slow ,sl ,prothesis ,na,context 
8,stop ,st ,prothesis ,na,context 
8,smacked ,sm ,prothesis ,na,context 
8,skeptical ,sk ,prothesis ,na,context 
8,fly ,fl ,anaptyxis ,na,context 
8,breeze ,br ,anaptyxis ,na,context 
8,queen ,kw ,none ,na,context 
8,twitches ,tw ,none ,na,context 
8,throttle ,θr,anaptyxis ,na,context 
8,brings ,br ,anaptyxis ,na,context 
8,three ,θr,anaptyxis ,na,context 
8,sleep ,sl ,prothesis ,na,context 
8,scarlett ,sk ,prothesis ,na,context 
8,creek ,kr ,anaptyxis ,na,context 
8,plethora ,pl ,anaptyxis ,na,context 
8,snow ,sn ,prothesis ,na,context 
8,smelling ,sm ,prothesis ,na,context 
8,brother ,br ,anaptyxis ,na,context 
8,freaks ,fr ,anaptyxis ,na,context 
8,start,st,prothesis ,na,context
9,trot ,tr ,none,z,passage 
9,snaps ,sn ,prothesis,n,passage 
9,dwayne ,dw ,na ,na,passage 
9,cute ,kj ,none,e,passage 
9,swats ,sw ,none,d,passage 
9,gloves ,gl ,none,l,passage 
9,smith ,sm ,prothesis ,na,passage 
9,starts ,st ,prothesis ,s,passage 
9,steps ,st ,none,n,passage 
9,slugs ,sl ,none,i,passage 
9,quacks ,kw ,none,d,passage 
9,skip ,sk ,prothesis ,n,passage 
9,flying ,fl ,none,s,passage 
9,drink ,dr ,none,i,passage 
9,grabs ,gr ,none,d,passage 
9,smog ,sm ,none,k,passage 
9,beautiful ,bj ,none,r,passage 
9,dwarf ,dw ,none,e,passage 
9,quickly ,kw ,none,r,passage 
9,snoops ,sn ,prothesis,d,passage 
9,bring ,br ,none,r,passage 
9,start ,st ,prothesis,d,passage 
9,flickering ,fl ,none,t,passage 
9,spark ,sp ,prothesis,g,passage 
9,small ,sm ,prothesis ,s,passage 
9,scoop ,sk ,prothesis ,n,passage 
9,skin ,sk ,prothesis ,z,passage 
9,snag ,sn ,prothesis ,d,passage 
9,thread ,θr ,none,r,passage 
9,sweeps ,sw ,none,d,passage 
9,please ,pl ,none,na,passage 
9,floor ,fl ,none,i,passage 
9,thrashing ,θr,none,z,passage 
9,speed ,sp ,prothesis,l,passage 
9,smiles ,sm ,prothesis ,p,passage 
9,swoon ,sw ,none,n,passage 
9,slouched ,sl ,prothesis,z,passage 
9,swim ,sw ,none,d,passage 
9,dreaming ,dr ,none,p,passage 
9,twin ,tw ,none,r,passage 
9,bugle ,bj ,na,f,passage 
9,clean ,kl ,none,n,passage 
9,snips ,sn ,prothesis,i,passage 
9,ground ,gr ,none,e,passage 
9,slips ,sl ,none,u,passage 
9,place ,pl ,none,u,passage 
9,tweaking ,tw ,none,n,passage 
9,sweeping ,sw ,none,z,passage 
9,sloth ,sl ,prothesis ,l,passage 
9,spreading ,sp,prothesis,l,passage 
9,sniffs ,sn ,prothesis,o,passage 
9,flock ,fl ,none,e,passage 
9,snatch ,sn ,prothesis ,n,passage 
9,small ,sm ,prothesis,r,passage 
9,slow ,sl ,prothesis,t,passage 
9,stop ,st ,prothesis,t,passage 
9,smacked ,sm ,prothesis ,t,passage 
9,skeptical ,sk ,prothesis,z,passage 
9,fly ,fl ,none,s,passage 
9,breeze ,br ,none,e,passage 
9,queen ,kw ,none,e,passage 
9,twitches ,tw ,none,n,passage 
9,throttle ,θr,none,z,passage 
9,brings ,br ,none,r,passage 
9,three ,θr,none,m,passage 
9,sleep ,sl ,none,d,passage 
9,scarlett ,sk ,prothesis ,k,passage 
9,creek ,kr ,none,r,passage 
9,plethora ,pl ,none,e,passage 
9,snow ,sn ,none,e,passage 
9,smelling ,sm ,prothesis,z,passage 
9,brother ,br ,none,n,passage 
9,freaks ,fr ,none,i,passage 
9,start,st,none,d,passage 
9,trot ,tr ,none,na,context 
9,snaps ,sn ,none,na,context 
9,dwayne ,dw ,na ,na,context 
9,cute ,kj ,none,na,context 
9,swats ,sw ,none,na,context 
9,gloves ,gl ,none,na,context 
9,smith ,sm ,none,na,context 
9,starts ,st ,prothesis ,na,context 
9,steps ,st ,none,na,context 
9,slugs ,sl ,none,na,context 
9,quacks ,kw ,none,na,context 
9,skip ,sk ,none,na,context 
9,flying ,fl ,none,na,context 
9,drink ,dr ,none,na,context 
9,grabs ,gr ,none,na,context 
9,smog ,sm ,none,na,context 
9,beautiful ,bj ,none,na,context 
9,dwarf ,dw ,none,na,context 
9,quickly ,kw ,none,na,context 
9,snoops ,sn ,none,na,context 
9,bring ,br ,none,na,context 
9,start ,st ,none,na,context 
9,flickering ,fl ,none,na,context 
9,spark ,sp ,prothesis ,na,context 
9,small ,sm ,prothesis ,na,context 
9,scoop ,sk ,prothesis ,na,context 
9,skin ,sk ,none,na,context 
9,snag ,sn ,none,na,context 
9,thread ,θr ,none,na,context 
9,sweeps ,sw ,none,na,context 
9,please ,pl ,none,na,context 
9,floor ,fl ,none,na,context 
9,thrashing ,θr,none,na,context 
9,speed ,sp ,prothesis,na,context 
9,smiles ,sm ,none,na,context 
9,swoon ,sw ,none,na,context 
9,slouched ,sl ,prothesis,na,context 
9,swim ,sw ,none,na,context 
9,dreaming ,dr ,none,na,context 
9,twin ,tw ,none,na,context 
9,bugle ,bj ,none,na,context 
9,clean ,kl ,none,na,context 
9,snips ,sn ,none,na,context 
9,ground ,gr ,none,na,context 
9,slips ,sl ,none,na,context 
9,place ,pl ,none,na,context 
9,tweaking ,tw ,none,na,context 
9,sweeping ,sw ,none,na,context 
9,sloth ,sl ,none,na,context 
9,spreading ,sp,none,na,context 
9,sniffs ,sn ,prothesis ,na,context 
9,flock ,fl ,none,na,context 
9,snatch,sn ,prothesis,na,context 
9,small ,sm ,none,na,context 
9,slow ,sl ,none,na,context 
9,stop ,st ,none,na,context 
9,smacked ,sm ,prothesis ,na,context 
9,skeptical ,sk ,prothesis ,na,context 
9,fly ,fl ,none,na,context 
9,breeze ,br ,none,na,context 
9,queen ,kw ,none,na,context 
9,twitches ,tw ,none,na,context 
9,throttle ,θr,none,na,context 
9,brings ,br ,none,na,context 
9,three ,θr,none,na,context 
9,sleep ,sl ,none,na,context 
9,scarlett ,sk ,prothesis ,na,context 
9,creek ,kr ,none,na,context 
9,plethora ,pl ,none,na,context 
9,snow ,sn ,prothesis ,na,context 
9,smelling ,sm ,none,na,context 
9,brother ,br ,none,na,context 
9,freaks ,fr ,none,na,context 
9,start,st,none,na,context
10,trot ,tr ,none,z,passage 
10,snaps ,sn ,none,n,passage 
10,dwayne ,dw ,none,na,passage 
10,cute ,kj ,none,e,passage 
10,swats ,sw ,none,d,passage 
10,gloves ,gl ,none,l,passage 
10,smith ,sm ,none,na,passage 
10,starts ,st ,none,s,passage 
10,steps ,st ,none,n,passage 
10,slugs ,sl ,none,i,passage 
10,quacks ,kw ,none,d,passage 
10,skip ,sk ,none,n,passage 
10,flying ,fl ,none,s,passage 
10,drink ,dr ,none,i,passage 
10,grabs ,gr ,none,d,passage 
10,smog ,sm ,none,k,passage 
10,beautiful ,bj ,none,r,passage 
10,dwarf ,dw ,none,e,passage 
10,quickly ,kw ,none,r,passage 
10,snoops ,sn ,none,d,passage 
10,bring ,br ,none,r,passage 
10,start ,st ,none,d,passage 
10,flickering ,fl ,none,t,passage 
10,spark ,sp ,none,g,passage 
10,small ,sm ,none,s,passage 
10,scoop ,sk ,none,n,passage 
10,skin ,sk ,none,z,passage 
10,snag ,sn ,none,d,passage 
10,thread ,θr ,none,r,passage 
10,sweeps ,sw ,none,d,passage 
10,please ,pl ,none,na,passage 
10,floor ,fl ,none,i,passage 
10,thrashing ,θr,none,z,passage 
10,speed ,sp ,none,l,passage 
10,smiles ,sm ,none,p,passage 
10,swoon ,sw ,none,n,passage 
10,slouched ,sl ,none,z,passage 
10,swim ,sw ,none,d,passage 
10,dreaming ,dr ,none,p,passage 
10,twin ,tw ,none,r,passage 
10,bugle ,bj ,none,f,passage 
10,clean ,kl ,none,n,passage 
10,snips ,sn ,none,i,passage 
10,ground ,gr ,none,e,passage 
10,slips ,sl ,none,u,passage 
10,place ,pl ,none,u,passage 
10,tweaking ,tw ,none,n,passage 
10,sweeping ,sw ,none,z,passage 
10,sloth ,sl ,none,l,passage 
10,spreading ,sp,none,l,passage 
10,sniffs ,sn ,none,o,passage 
10,flock ,fl ,none,e,passage 
10,snatch ,sn ,none,n,passage 
10,small ,sm ,none,r,passage 
10,slow ,sl ,none,t,passage 
10,stop ,st ,none,t,passage 
10,smacked ,sm ,none,t,passage 
10,skeptical ,sk ,none,z,passage 
10,fly ,fl ,none,s,passage 
10,breeze ,br ,none,e,passage 
10,queen ,kw ,none,e,passage 
10,twitches ,tw ,none,n,passage 
10,throttle ,θr,none,z,passage 
10,brings ,br ,none,r,passage 
10,three ,θr,none,m,passage 
10,sleep ,sl ,none,d,passage 
10,scarlett ,sk ,none,k,passage 
10,creek ,kr ,none,r,passage 
10,plethora ,pl ,none,e,passage 
10,snow ,sn ,none,e,passage 
10,smelling ,sm ,none,z,passage 
10,brother ,br ,none,n,passage 
10,freaks ,fr ,none,i,passage 
10,start,st,none,d,passage
10,trot ,tr ,none,na,context 
10,snaps ,sn ,none,na,context 
10,dwayne ,dw ,none,na,context 
10,cute ,kj ,none,na,context 
10,swats ,sw ,none,na,context 
10,gloves ,gl ,none,na,context 
10,smith ,sm ,none,na,context 
10,starts ,st ,none,na,context 
10,steps ,st ,none,na,context 
10,slugs ,sl ,none,na,context 
10,quacks ,kw ,none,na,context 
10,skip ,sk ,none,na,context 
10,flying ,fl ,none,na,context 
10,drink ,dr ,none,na,context 
10,grabs ,gr ,none,na,context 
10,smog ,sm ,none,na,context 
10,beautiful ,bj ,none,na,context 
10,dwarf ,dw ,none,na,context 
10,quickly ,kw ,none,na,context 
10,snoops ,sn ,none,na,context 
10,bring ,br ,none,na,context 
10,start ,st ,none,na,context 
10,flickering ,fl ,none,na,context 
10,spark ,sp ,none,na,context 
10,small ,sm ,none,na,context 
10,scoop ,sk ,none,na,context 
10,skin ,sk ,none,na,context 
10,snag ,sn ,none,na,context 
10,thread ,θr ,none,na,context 
10,sweeps ,sw ,none,na,context 
10,please ,pl ,none,na,context 
10,floor ,fl ,none,na,context 
10,thrashing ,θr,none,na,context 
10,speed ,sp ,none,na,context 
10,smiles ,sm ,none,na,context 
10,swoon ,sw ,none,na,context 
10,slouched ,sl ,none,na,context 
10,swim ,sw ,none,na,context 
10,dreaming ,dr ,none,na,context 
10,twin ,tw ,none,na,context 
10,bugle ,bj ,none,na,context 
10,clean ,kl ,none,na,context 
10,snips ,sn ,none,na,context 
10,ground ,gr ,none,na,context 
10,slips ,sl ,none,na,context 
10,place ,pl ,none,na,context 
10,tweaking ,tw ,none,na,context 
10,sweeping ,sw ,none,na,context 
10,sloth ,sl ,none,na,context 
10,spreading ,sp,none,na,context 
10,sniffs ,sn ,none,na,context 
10,flock ,fl ,none,na,context 
10,snatch ,sn ,none,na,context 
10,small ,sm ,none,na,context 
10,slow ,sl ,none,na,context 
10,stop ,st ,none,na,context 
10,smacked ,sm ,none,na,context 
10,skeptical ,sk ,none,na,context 
10,fly ,fl ,none,na,context 
10,breeze ,br ,none,na,context 
10,queen ,kw ,none,na,context 
10,twitches ,tw ,none,na,context 
10,throttle ,θr,none,na,context 
10,brings ,br ,none,na,context 
10,three ,θr,none,na,context 
10,sleep ,sl ,none,na,context 
10,scarlett ,sk ,none,na,context 
10,creek ,kr ,none,na,context 
10,plethora ,pl ,none,na,context 
10,snow ,sn ,none,na,context 
10,smelling ,sm ,none,na,context 
10,brother ,br ,none,na,context 
10,freaks ,fr ,none,na,context 
10,start,st,none,na,context 
11,trot ,tr ,na,z,passage 
11,snaps ,sn ,na,n,passage 
11,dwayne ,dw ,na,na,passage 
11,cute ,kj ,na,e,passage 
11,swats ,sw ,na,d,passage 
11,gloves ,gl ,na,l,passage 
11,smith ,sm ,na,na,passage 
11,starts ,st ,na,s,passage 
11,steps ,st ,na,n,passage 
11,slugs ,sl ,na,i,passage 
11,quacks ,kw ,na,d,passage 
11,skip ,sk ,na,n,passage 
11,flying ,fl ,na,s,passage 
11,drink ,dr ,na,i,passage 
11,grabs ,gr ,na,d,passage 
11,smog ,sm ,na,k,passage 
11,beautiful ,bj ,na,r,passage 
11,dwarf ,dw ,na,e,passage 
11,quickly ,kw ,na,r,passage 
11,snoops ,sn ,na,d,passage 
11,bring ,br ,na,r,passage 
11,start ,st ,na,d,passage 
11,flickering ,fl ,na,t,passage 
11,spark ,sp ,na,g,passage 
11,small ,sm ,na,s,passage 
11,scoop ,sk ,na,n,passage 
11,skin ,sk ,na,z,passage 
11,snag ,sn ,na,d,passage 
11,thread ,θr ,na,r,passage 
11,sweeps ,sw ,na,d,passage 
11,please ,pl ,na,na,passage 
11,floor ,fl ,na,i,passage 
11,thrashing ,θr,na,z,passage 
11,speed ,sp ,na,l,passage 
11,smiles ,sm ,na,p,passage 
11,swoon ,sw ,na,n,passage 
11,slouched ,sl ,na,z,passage 
11,swim ,sw ,na,d,passage 
11,dreaming ,dr ,na,p,passage 
11,twin ,tw ,na,r,passage 
11,bugle ,bj ,na,f,passage 
11,clean ,kl ,na,n,passage 
11,snips ,sn ,na,i,passage 
11,ground ,gr ,na,e,passage 
11,slips ,sl ,na,u,passage 
11,place ,pl ,na,u,passage 
11,tweaking ,tw ,na,n,passage 
11,sweeping ,sw ,na,z,passage 
11,sloth ,sl ,na,l,passage 
11,spreading ,sp,na,l,passage 
11,sniffs ,sn ,na,o,passage 
11,flock ,fl ,na,e,passage 
11,snatch ,sn ,na,n,passage 
11,small ,sm ,na,r,passage 
11,slow ,sl ,na,t,passage 
11,stop ,st ,na,t,passage 
11,smacked ,sm ,na,t,passage 
11,skeptical ,sk ,na,z,passage 
11,fly ,fl ,na,s,passage 
11,breeze ,br ,na,e,passage 
11,queen ,kw ,na,e,passage 
11,twitches ,tw ,na,n,passage 
11,throttle ,θr,na,z,passage 
11,brings ,br ,na,r,passage 
11,three ,θr,na,m,passage 
11,sleep ,sl ,na,d,passage 
11,scarlett ,sk ,na,k,passage 
11,creek ,kr ,na,r,passage 
11,plethora ,pl ,na,e,passage 
11,snow ,sn ,na,e,passage 
11,smelling ,sm ,na,z,passage 
11,brother ,br ,na,n,passage 
11,freaks ,fr ,na,i,passage 
11,start,st,na,d,passage 
11,trot ,tr ,na,na,context 
11,snaps ,sn ,na,na,context 
11,dwayne ,dw ,na,na,context 
11,cute ,kj ,na,na,context 
11,swats ,sw ,na,na,context 
11,gloves ,gl ,na,na,context 
11,smith ,sm ,na,na,context 
11,starts ,st ,na,na,context 
11,steps ,st ,na,na,context 
11,slugs ,sl ,na,na,context 
11,quacks ,kw ,na,na,context 
11,skip ,sk ,na,na,context 
11,flying ,fl ,na,na,context 
11,drink ,dr ,na,na,context 
11,grabs ,gr ,na,na,context 
11,smog ,sm ,na,na,context 
11,beautiful ,bj ,na,na,context 
11,dwarf ,dw ,na,na,context 
11,quickly ,kw ,na,na,context 
11,snoops ,sn ,na,na,context 
11,bring ,br ,na,na,context 
11,start ,st ,na,na,context 
11,flickering ,fl ,na,na,context 
11,spark ,sp ,na,na,context 
11,small ,sm ,na,na,context 
11,scoop ,sk ,na,na,context 
11,skin ,sk ,na,na,context 
11,snag ,sn ,na,na,context 
11,thread ,θr ,na,na,context 
11,sweeps ,sw ,na,na,context 
11,please ,pl ,na,na,context 
11,floor ,fl ,na,na,context 
11,thrashing ,θr,na,na,context 
11,speed ,sp ,na,na,context 
11,smiles ,sm ,na,na,context 
11,swoon ,sw ,na,na,context 
11,slouched ,sl ,na,na,context 
11,swim ,sw ,na,na,context 
11,dreaming ,dr ,na,na,context 
11,twin ,tw ,na,na,context 
11,bugle ,bj ,na,na,context 
11,clean ,kl ,na,na,context 
11,snips ,sn ,na,na,context 
11,ground ,gr ,na,na,context 
11,slips ,sl ,na,na,context 
11,place ,pl ,na,na,context 
11,tweaking ,tw ,na,na,context 
11,sweeping ,sw ,na,na,context 
11,sloth ,sl ,na,na,context 
11,spreading ,sp,na,na,context 
11,sniffs ,sn ,na,na,context 
11,flock ,fl ,na,na,context 
11,snatch ,sn ,na,na,context 
11,small ,sm ,na,na,context 
11,slow ,sl ,na,na,context 
11,stop ,st ,na,na,context 
11,smacked ,sm ,na,na,context 
11,skeptical ,sk ,na,na,context 
11,fly ,fl ,na,na,context 
11,breeze ,br ,na,na,context 
11,queen ,kw ,na,na,context 
11,twitches ,tw ,na,na,context 
11,throttle ,θr,na,na,context 
11,brings ,br ,na,na,context 
11,three ,θr,na,na,context 
11,sleep ,sl ,na,na,context 
11,scarlett ,sk ,na,na,context 
11,creek ,kr ,na,na,context 
11,plethora ,pl ,na,na,context 
11,snow ,sn ,na,na,context 
11,smelling ,sm ,na,na,context 
11,brother ,br ,na,na,context 
11,freaks ,fr ,na,na,context 
11,start,st,na,na,context 
12,trot ,tr ,na,z,passage 
12,snaps ,sn ,na,n,passage 
12,dwayne ,dw ,na,na,passage 
12,cute ,kj ,na,e,passage 
12,swats ,sw ,na,d,passage 
12,gloves ,gl ,na,l,passage 
12,smith ,sm ,na,na,passage 
12,starts ,st ,na,s,passage 
12,steps ,st ,na,n,passage 
12,slugs ,sl ,na,i,passage 
12,quacks ,kw ,na,d,passage 
12,skip ,sk ,na,n,passage 
12,flying ,fl ,na,s,passage 
12,drink ,dr ,na,i,passage 
12,grabs ,gr ,na,d,passage 
12,smog ,sm ,na,k,passage 
12,beautiful ,bj ,na,r,passage 
12,dwarf ,dw ,na,e,passage 
12,quickly ,kw ,na,r,passage 
12,snoops ,sn ,na,d,passage 
12,bring ,br ,na,r,passage 
12,start ,st ,na,d,passage 
12,flickering ,fl ,na,t,passage 
12,spark ,sp ,na,g,passage 
12,small ,sm ,na,s,passage 
12,scoop ,sk ,na,n,passage 
12,skin ,sk ,na,z,passage 
12,snag ,sn ,na,d,passage 
12,thread ,θr ,na,r,passage 
12,sweeps ,sw ,na,d,passage 
12,please ,pl ,na,na,passage 
12,floor ,fl ,na,i,passage 
12,thrashing ,θr,na,z,passage 
12,speed ,sp ,na,l,passage 
12,smiles ,sm ,na,p,passage 
12,swoon ,sw ,na,n,passage 
12,slouched ,sl ,na,z,passage 
12,swim ,sw ,na,d,passage 
12,dreaming ,dr ,na,p,passage 
12,twin ,tw ,na,r,passage 
12,bugle ,bj ,na,f,passage 
12,clean ,kl ,na,n,passage 
12,snips ,sn ,na,i,passage 
12,ground ,gr ,na,e,passage 
12,slips ,sl ,na,u,passage 
12,place ,pl ,na,u,passage 
12,tweaking ,tw ,na,n,passage 
12,sweeping ,sw ,na,z,passage 
12,sloth ,sl ,na,l,passage 
12,spreading ,sp,na,l,passage 
12,sniffs ,sn ,na,o,passage 
12,flock ,fl ,na,e,passage 
12,snatch ,sn ,na,n,passage 
12,small ,sm ,na,r,passage 
12,slow ,sl ,na,t,passage 
12,stop ,st ,na,t,passage 
12,smacked ,sm ,na,t,passage 
12,skeptical ,sk ,na,z,passage 
12,fly ,fl ,na,s,passage 
12,breeze ,br ,na,e,passage 
12,queen ,kw ,na,e,passage 
12,twitches ,tw ,na,n,passage 
12,throttle ,θr,na,z,passage 
12,brings ,br ,na,r,passage 
12,three ,θr,na,m,passage 
12,sleep ,sl ,na,d,passage 
12,scarlett ,sk ,na,k,passage 
12,creek ,kr ,na,r,passage 
12,plethora ,pl ,na,e,passage 
12,snow ,sn ,na,e,passage 
12,smelling ,sm ,na,z,passage 
12,brother ,br ,na,n,passage 
12,freaks ,fr ,na,i,passage 
12,start,st,na,d,passage
12,trot ,tr ,na,na,context 
12,snaps ,sn ,na,na,context 
12,dwayne ,dw ,na,na,context 
12,cute ,kj ,na,na,context 
12,swats ,sw ,na,na,context 
12,gloves ,gl ,na,na,context 
12,smith ,sm ,na,na,context 
12,starts ,st ,na,na,context 
12,steps ,st ,na,na,context 
12,slugs ,sl ,na,na,context 
12,quacks ,kw ,na,na,context 
12,skip ,sk ,na,na,context 
12,flying ,fl ,na,na,context 
12,drink ,dr ,na,na,context 
12,grabs ,gr ,na,na,context 
12,smog ,sm ,na,na,context 
12,beautiful ,bj ,na,na,context 
12,dwarf ,dw ,na,na,context 
12,quickly ,kw ,na,na,context 
12,snoops ,sn ,na,na,context 
12,bring ,br ,na,na,context 
12,start ,st ,na,na,context 
12,flickering ,fl ,na,na,context 
12,spark ,sp ,na,na,context 
12,small ,sm ,na,na,context 
12,scoop ,sk ,na,na,context 
12,skin ,sk ,na,na,context 
12,snag ,sn ,na,na,context 
12,thread ,θr ,na,na,context 
12,sweeps ,sw ,na,na,context 
12,please ,pl ,na,na,context 
12,floor ,fl ,na,na,context 
12,thrashing ,θr,na,na,context 
12,speed ,sp ,na,na,context 
12,smiles ,sm ,na,na,context 
12,swoon ,sw ,na,na,context 
12,slouched ,sl ,na,na,context 
12,swim ,sw ,na,na,context 
12,dreaming ,dr ,na,na,context 
12,twin ,tw ,na,na,context 
12,bugle ,bj ,na,na,context 
12,clean ,kl ,na,na,context 
12,snips ,sn ,na,na,context 
12,ground ,gr ,na,na,context 
12,slips ,sl ,na,na,context 
12,place ,pl ,na,na,context 
12,tweaking ,tw ,na,na,context 
12,sweeping ,sw ,na,na,context 
12,sloth ,sl ,na,na,context 
12,spreading ,sp,na,na,context 
12,sniffs ,sn ,na,na,context 
12,flock ,fl ,na,na,context 
12,snatch ,sn ,na,na,context 
12,small ,sm ,na,na,context 
12,slow ,sl ,na,na,context 
12,stop ,st ,na,na,context 
12,smacked ,sm ,na,na,context 
12,skeptical ,sk ,na,na,context 
12,fly ,fl ,na,na,context 
12,breeze ,br ,na,na,context 
12,queen ,kw ,na,na,context 
12,twitches ,tw ,na,na,context 
12,throttle ,θr,na,na,context 
12,brings ,br ,na,na,context 
12,three ,θr,na,na,context 
12,sleep ,sl ,na,na,context 
12,scarlett ,sk ,na,na,context 
12,creek ,kr ,na,na,context 
12,plethora ,pl ,na,na,context 
12,snow ,sn ,na,na,context 
12,smelling ,sm ,na,na,context 
12,brother ,br ,na,na,context 
12,freaks ,fr ,na,na,context 
12,start,st,na,na,context 
13,trot ,tr ,none,z,passage 
13,snaps ,sn ,none,n,passage 
13,dwayne ,dw ,none,na,passage 
13,cute ,kj ,none,e,passage 
13,swats ,sw ,none,d,passage 
13,gloves ,gl ,none,l,passage 
13,smith ,sm ,none,na,passage 
13,starts ,st ,none,s,passage 
13,steps ,st ,none,n,passage 
13,slugs ,sl ,none,i,passage 
13,quacks ,kw ,none,d,passage 
13,skip ,sk ,none,n,passage 
13,flying ,fl ,none,s,passage 
13,drink ,dr ,none,i,passage 
13,grabs ,gr ,none,d,passage 
13,smog ,sm ,none,k,passage 
13,beautiful ,bj ,none,r,passage 
13,dwarf ,dw ,none,e,passage 
13,quickly ,kw ,none,r,passage 
13,snoops ,sn ,none,d,passage 
13,bring ,br ,none,r,passage 
13,start ,st ,none,d,passage 
13,flickering ,fl ,none,t,passage 
13,spark ,sp ,none,g,passage 
13,small ,sm ,none,s,passage 
13,scoop ,sk ,none,n,passage 
13,skin ,sk ,none,z,passage 
13,snag ,sn ,none,d,passage 
13,thread ,θr ,none,r,passage 
13,sweeps ,sw ,none,d,passage 
13,please ,pl ,none,na,passage 
13,floor ,fl ,none,i,passage 
13,thrashing ,θr,none,z,passage 
13,speed ,sp ,none,l,passage 
13,smiles ,sm ,none,p,passage 
13,swoon ,sw ,none,n,passage 
13,slouched ,sl ,none,z,passage 
13,swim ,sw ,none,d,passage 
13,dreaming ,dr ,none,p,passage 
13,twin ,tw ,none,r,passage 
13,bugle ,bj ,none,f,passage 
13,clean ,kl ,none,n,passage 
13,snips ,sn ,none,i,passage 
13,ground ,gr ,none,e,passage 
13,slips ,sl ,none,u,passage 
13,place ,pl ,none,u,passage 
13,tweaking ,tw ,none,n,passage 
13,sweeping ,sw ,none,z,passage 
13,sloth ,sl ,none,l,passage 
13,spreading ,sp,none,l,passage 
13,sniffs ,sn ,none,o,passage 
13,flock ,fl ,none,e,passage 
13,snatch ,sn ,none,n,passage 
13,small ,sm ,none,r,passage 
13,slow ,sl ,none,t,passage 
13,stop ,st ,none,t,passage 
13,smacked ,sm ,none,t,passage 
13,skeptical ,sk ,none,z,passage 
13,fly ,fl ,none,s,passage 
13,breeze ,br ,none,e,passage 
13,queen ,kw ,none,e,passage 
13,twitches ,tw ,none,n,passage 
13,throttle ,θr,none,z,passage 
13,brings ,br ,none,r,passage 
13,three ,θr,none,m,passage 
13,sleep ,sl ,none,d,passage 
13,scarlett ,sk ,none,k,passage 
13,creek ,kr ,none,r,passage 
13,plethora ,pl ,none,e,passage 
13,snow ,sn ,none,e,passage 
13,smelling ,sm ,none,z,passage 
13,brother ,br ,none,n,passage 
13,freaks ,fr ,none,i,passage 
13,start,st,none,d,passage 
13,trot ,tr ,none,na,context 
13,snaps ,sn ,none,na,context 
13,dwayne ,dw ,none,na,context 
13,cute ,kj ,none,na,context 
13,swats ,sw ,none,na,context 
13,gloves ,gl ,none,na,context 
13,smith ,sm ,none,na,context 
13,starts ,st ,none,na,context 
13,steps ,st ,none,na,context 
13,slugs ,sl ,none,na,context 
13,quacks ,kw ,none,na,context 
13,skip ,sk ,none,na,context 
13,flying ,fl ,none,na,context 
13,drink ,dr ,none,na,context 
13,grabs ,gr ,none,na,context 
13,smog ,sm ,none,na,context 
13,beautiful ,bj ,none,na,context 
13,dwarf ,dw ,none,na,context 
13,quickly ,kw ,none,na,context 
13,snoops ,sn ,none,na,context 
13,bring ,br ,none,na,context 
13,start ,st ,none,na,context 
13,flickering ,fl ,none,na,context 
13,spark ,sp ,none,na,context 
13,small ,sm ,none,na,context 
13,scoop ,sk ,none,na,context 
13,skin ,sk ,none,na,context 
13,snag ,sn ,none,na,context 
13,thread ,θr ,none,na,context 
13,sweeps ,sw ,none,na,context 
13,please ,pl ,none,na,context 
13,floor ,fl ,none,na,context 
13,thrashing ,θr,none,na,context 
13,speed ,sp ,none,na,context 
13,smiles ,sm ,none,na,context 
13,swoon ,sw ,none,na,context 
13,slouched ,sl ,none,na,context 
13,swim ,sw ,none,na,context 
13,dreaming ,dr ,none,na,context 
13,twin ,tw ,none,na,context 
13,bugle ,bj ,none,na,context 
13,clean ,kl ,none,na,context 
13,snips ,sn ,none,na,context 
13,ground ,gr ,none,na,context 
13,slips ,sl ,none,na,context 
13,place ,pl ,none,na,context 
13,tweaking ,tw ,none,na,context 
13,sweeping ,sw ,none,na,context 
13,sloth ,sl ,none,na,context 
13,spreading ,sp,none,na,context 
13,sniffs ,sn ,none,na,context 
13,flock ,fl ,none,na,context 
13,snatch ,sn ,none,na,context 
13,small ,sm ,none,na,context 
13,slow ,sl ,none,na,context 
13,stop ,st ,none,na,context 
13,smacked ,sm ,none,na,context 
13,skeptical ,sk ,none,na,context 
13,fly ,fl ,none,na,context 
13,breeze ,br ,none,na,context 
13,queen ,kw ,none,na,context 
13,twitches ,tw ,none,na,context 
13,throttle ,θr,none,na,context 
13,brings ,br ,none,na,context 
13,three ,θr,none,na,context 
13,sleep ,sl ,none,na,context 
13,scarlett ,sk ,none,na,context 
13,creek ,kr ,none,na,context 
13,plethora ,pl ,none,na,context 
13,snow ,sn ,none,na,context 
13,smelling ,sm ,none,na,context 
13,brother ,br ,none,na,context 
13,freaks ,fr ,none,na,context 
13,start,st,none,na,context 
14,trot ,tr ,none,z,passage 
14,snaps ,sn ,none,n,passage 
14,dwayne ,dw ,none,na,passage 
14,cute ,kj ,none,e,passage 
14,swats ,sw ,none,d,passage 
14,gloves ,gl ,none,l,passage 
14,smith ,sm ,none,na,passage 
14,starts ,st ,none,s,passage 
14,steps ,st ,none,n,passage 
14,slugs ,sl ,none,i,passage 
14,quacks ,kw ,none,d,passage 
14,skip ,sk ,none,n,passage 
14,flying ,fl ,none,s,passage 
14,drink ,dr ,none,i,passage 
14,grabs ,gr ,none,d,passage 
14,smog ,sm ,none,k,passage 
14,beautiful ,bj ,none,r,passage 
14,dwarf ,dw ,none,e,passage 
14,quickly ,kw ,none,r,passage 
14,snoops ,sn ,none,d,passage 
14,bring ,br ,none,r,passage 
14,start ,st ,none,d,passage 
14,flickering ,fl ,none,t,passage 
14,spark ,sp ,none,g,passage 
14,small ,sm ,none,s,passage 
14,scoop ,sk ,none,n,passage 
14,skin ,sk ,none,z,passage 
14,snag ,sn ,none,d,passage 
14,thread ,θr ,none,r,passage 
14,sweeps ,sw ,none,d,passage 
14,please ,pl ,none,na,passage 
14,floor ,fl ,none,i,passage 
14,thrashing ,θr,none,z,passage 
14,speed ,sp ,none,l,passage 
14,smiles ,sm ,none,p,passage 
14,swoon ,sw ,none,n,passage 
14,slouched ,sl ,none,z,passage 
14,swim ,sw ,none,d,passage 
14,dreaming ,dr ,none,p,passage 
14,twin ,tw ,none,r,passage 
14,bugle ,bj ,na,f,passage 
14,clean ,kl ,none,n,passage 
14,snips ,sn ,none,i,passage 
14,ground ,gr ,none,e,passage 
14,slips ,sl ,none,u,passage 
14,place ,pl ,none,u,passage 
14,tweaking ,tw ,none,n,passage 
14,sweeping ,sw ,none,z,passage 
14,sloth ,sl ,none,l,passage 
14,spreading ,sp,none,l,passage 
14,sniffs ,sn ,none,o,passage 
14,flock ,fl ,none,e,passage 
14,snatch ,sn ,none,n,passage 
14,small ,sm ,none,r,passage 
14,slow ,sl ,none,t,passage 
14,stop ,st ,none,t,passage 
14,smacked ,sm ,none,t,passage 
14,skeptical ,sk ,prothesis ,z,passage 
14,fly ,fl ,none,s,passage 
14,breeze ,br ,none,e,passage 
14,queen ,kw ,none,e,passage 
14,twitches ,tw ,none,n,passage 
14,throttle ,θr,none,z,passage 
14,brings ,br ,none,r,passage 
14,three ,θr,none,m,passage 
14,sleep ,sl ,none,d,passage 
14,scarlett ,sk ,none,k,passage 
14,creek ,kr ,none,r,passage 
14,plethora ,pl ,none,e,passage 
14,snow ,sn ,none,e,passage 
14,smelling ,sm ,none,z,passage 
14,brother ,br ,none,n,passage 
14,freaks ,fr ,none,i,passage 
14,start,st,none,d,passage 
14,trot ,tr ,na,na,context 
14,snaps ,sn ,na,na,context 
14,dwayne ,dw ,na,na,context 
14,cute ,kj ,na,na,context 
14,swats ,sw ,na,na,context 
14,gloves ,gl ,na,na,context 
14,smith ,sm ,na,na,context 
14,starts ,st ,na,na,context 
14,steps ,st ,na,na,context 
14,slugs ,sl ,na,na,context 
14,quacks ,kw ,na,na,context 
14,skip ,sk ,na,na,context 
14,flying ,fl ,na,na,context 
14,drink ,dr ,na,na,context 
14,grabs ,gr ,na,na,context 
14,smog ,sm ,na,na,context 
14,beautiful ,bj ,na,na,context 
14,dwarf ,dw ,na,na,context 
14,quickly ,kw ,na,na,context 
14,snoops ,sn ,na,na,context 
14,bring ,br ,na,na,context 
14,start ,st ,na,na,context 
14,flickering ,fl ,na,na,context 
14,spark ,sp ,na,na,context 
14,small ,sm ,na,na,context 
14,scoop ,sk ,na,na,context 
14,skin ,sk ,na,na,context 
14,snag ,sn ,na,na,context 
14,thread ,θr ,na,na,context 
14,sweeps ,sw ,na,na,context 
14,please ,pl ,na,na,context 
14,floor ,fl ,na,na,context 
14,thrashing ,θr,na,na,context 
14,speed ,sp ,na,na,context 
14,smiles ,sm ,na,na,context 
14,swoon ,sw ,na,na,context 
14,slouched ,sl ,na,na,context 
14,swim ,sw ,na,na,context 
14,dreaming ,dr ,na,na,context 
14,twin ,tw ,na,na,context 
14,bugle ,bj ,na,na,context 
14,clean ,kl ,na,na,context 
14,snips ,sn ,na,na,context 
14,ground ,gr ,na,na,context 
14,slips ,sl ,na,na,context 
14,place ,pl ,na,na,context 
14,tweaking ,tw ,na,na,context 
14,sweeping ,sw ,na,na,context 
14,sloth ,sl ,na,na,context 
14,spreading ,sp,na,na,context 
14,sniffs ,sn ,na,na,context 
14,flock ,fl ,na,na,context 
14,snatch ,sn ,na,na,context 
14,small ,sm ,na,na,context 
14,slow ,sl ,na,na,context 
14,stop ,st ,na,na,context 
14,smacked ,sm ,na,na,context 
14,skeptical ,sk ,na,na,context 
14,fly ,fl ,na,na,context 
14,breeze ,br ,na,na,context 
14,queen ,kw ,na,na,context 
14,twitches ,tw ,na,na,context 
14,throttle ,θr,na,na,context 
14,brings ,br ,na,na,context 
14,three ,θr,na,na,context 
14,sleep ,sl ,na,na,context 
14,scarlett ,sk ,na,na,context 
14,creek ,kr ,na,na,context 
14,plethora ,pl ,na,na,context 
14,snow ,sn ,na,na,context 
14,smelling ,sm ,na,na,context 
14,brother ,br ,na,na,context 
14,freaks ,fr ,na,na,context 
14,start,st,na,na,context 
15,trot ,tr ,none,z,passage 
15,snaps ,sn ,none,n,passage 
15,dwayne ,dw ,anaptyxis,na,passage 
15,cute ,kj ,none,e,passage 
15,swats ,sw ,none,d,passage 
15,gloves ,gl ,none,l,passage 
15,smith ,sm ,none,na,passage 
15,starts ,st ,none,s,passage 
15,steps ,st ,none,n,passage 
15,slugs ,sl ,none,i,passage 
15,quacks ,kw ,none,d,passage 
15,skip ,sk ,none,n,passage 
15,flying ,fl ,none,s,passage 
15,drink ,dr ,none,i,passage 
15,grabs ,gr ,none,d,passage 
15,smog ,sm ,prothesis,k,passage 
15,beautiful ,bj ,none,r,passage 
15,dwarf ,dw ,none,e,passage 
15,quickly ,kw ,none,r,passage 
15,snoops ,sn ,prothesis,d,passage 
15,bring ,br ,none,r,passage 
15,start ,st ,none,d,passage 
15,flickering ,fl ,none,t,passage 
15,spark ,sp ,none,g,passage 
15,small ,sm ,none,s,passage 
15,scoop ,sk ,none,n,passage 
15,skin ,sk ,none,z,passage 
15,snag ,sn ,none,d,passage 
15,thread ,θr ,none,r,passage 
15,sweeps ,sw ,none,d,passage 
15,please ,pl ,none,na,passage 
15,floor ,fl ,none,i,passage 
15,thrashing ,θr,none,z,passage 
15,speed ,sp ,none,l,passage 
15,smiles ,sm ,none,p,passage 
15,swoon ,sw ,none,n,passage 
15,slouched ,sl ,none,z,passage 
15,swim ,sw ,none,d,passage 
15,dreaming ,dr ,none,p,passage 
15,twin ,tw ,none,r,passage 
15,bugle ,bj ,none,f,passage 
15,clean ,kl ,none,n,passage 
15,snips ,sn ,none,i,passage 
15,ground ,gr ,none,e,passage 
15,slips ,sl ,none,u,passage 
15,place ,pl ,none,u,passage 
15,tweaking ,tw ,none,n,passage 
15,sweeping ,sw ,none,z,passage 
15,sloth ,sl ,none,l,passage 
15,spreading ,sp,none,l,passage 
15,sniffs ,sn ,none,o,passage 
15,flock ,fl ,none,e,passage 
15,snatch ,sn ,none,n,passage 
15,small ,sm ,none,r,passage 
15,slow ,sl ,prothesis,t,passage 
15,stop ,st ,none,t,passage 
15,smacked ,sm ,none,t,passage 
15,skeptical ,sk ,prothesis,z,passage 
15,fly ,fl ,none,s,passage 
15,breeze ,br ,none,e,passage 
15,queen ,kw ,none,e,passage 
15,twitches ,tw ,none,n,passage 
15,throttle ,θr,na,z,passage 
15,brings ,br ,none,r,passage 
15,three ,θr,none,m,passage 
15,sleep ,sl ,none,d,passage 
15,scarlett ,sk ,none,k,passage 
15,creek ,kr ,none,r,passage 
15,plethora ,pl ,none,e,passage 
15,snow ,sn ,none,e,passage 
15,smelling ,sm ,none,z,passage 
15,brother ,br ,none,n,passage 
15,freaks ,fr ,none,i,passage 
15,start,st,prothesis,d,passage 
15,trot ,tr ,none,na,context 
15,snaps ,sn ,none,na,context 
15,dwayne ,dw ,anaptyxis,na,context 
15,cute ,kj ,none,na,context 
15,swats ,sw ,none,na,context 
15,gloves ,gl ,none,na,context 
15,smith ,sm ,none,na,context 
15,starts ,st ,none,na,context 
15,steps ,st ,none,na,context 
15,slugs ,sl ,none,na,context 
15,quacks ,kw ,none,na,context 
15,skip ,sk ,none,na,context 
15,flying ,fl ,none,na,context 
15,drink ,dr ,none,na,context 
15,grabs ,gr ,none,na,context 
15,smog ,sm ,none,na,context 
15,beautiful ,bj ,none,na,context 
15,dwarf ,dw ,anaptyxis ,na,context 
15,quickly ,kw ,none,na,context 
15,snoops ,sn ,none,na,context 
15,bring ,br ,none,na,context 
15,start ,st ,none,na,context 
15,flickering ,fl ,none,na,context 
15,spark ,sp ,none,na,context 
15,small ,sm ,none,na,context 
15,scoop ,sk ,none,na,context 
15,skin ,sk ,none,na,context 
15,snag ,sn ,none,na,context 
15,thread ,θr ,none,na,context 
15,sweeps ,sw ,none,na,context 
15,please ,pl ,none,na,context 
15,floor ,fl ,none,na,context 
15,thrashing ,θr,none,na,context 
15,speed ,sp ,none,na,context 
15,smiles ,sm ,none,na,context 
15,swoon ,sw ,none,na,context 
15,slouched ,sl ,none,na,context 
15,swim ,sw ,none,na,context 
15,dreaming ,dr ,none,na,context 
15,twin ,tw ,none,na,context 
15,bugle ,bj ,na,na,context 
15,clean ,kl ,none,na,context 
15,snips ,sn ,none,na,context 
15,ground ,gr ,none,na,context 
15,slips ,sl ,none,na,context 
15,place ,pl ,none,na,context 
15,tweaking ,tw ,none,na,context 
15,sweeping ,sw ,none,na,context 
15,sloth ,sl ,none,na,context 
15,spreading ,sp,none,na,context 
15,sniffs ,sn ,none,na,context 
15,flock ,fl ,none,na,context 
15,snatch ,sn ,none,na,context 
15,small ,sm ,none,na,context 
15,slow ,sl ,none,na,context 
15,stop ,st ,none,na,context 
15,smacked ,sm ,none,na,context 
15,skeptical ,sk ,none,na,context 
15,fly ,fl ,none,na,context 
15,breeze ,br ,none,na,context 
15,queen ,kw ,none,na,context 
15,twitches ,tw ,none,na,context 
15,throttle ,θr,na,na,context 
15,brings ,br ,none,na,context 
15,three ,θr,none,na,context 
15,sleep ,sl ,none,na,context 
15,scarlett ,sk ,none,na,context 
15,creek ,kr ,none,na,context 
15,plethora ,pl ,none,na,context 
15,snow ,sn ,none,na,context 
15,smelling ,sm ,none,na,context 
15,brother ,br ,none,na,context 
15,freaks ,fr ,none,na,context 
15,start,st,none,na,context 
16,trot ,tr ,none,z,passage 
16,snaps ,sn ,none,n,passage 
16,dwayne ,dw ,na,na,passage 
16,cute ,kj ,none,e,passage 
16,swats ,sw ,none,d,passage 
16,gloves ,gl ,none,l,passage 
16,smith ,sm ,none,na,passage 
16,starts ,st ,none,s,passage 
16,steps ,st ,none,n,passage 
16,slugs ,sl ,none,i,passage 
16,quacks ,kw ,na,d,passage 
16,skip ,sk ,none,n,passage 
16,flying ,fl ,none,s,passage 
16,drink ,dr ,none,i,passage 
16,grabs ,gr ,none,d,passage 
16,smog ,sm ,none,k,passage 
16,beautiful ,bj ,none,r,passage 
16,dwarf ,dw ,na,e,passage 
16,quickly ,kw ,na,r,passage 
16,snoops ,sn ,none,d,passage 
16,bring ,br ,none,r,passage 
16,start ,st ,none,d,passage 
16,flickering ,fl ,none,t,passage 
16,spark ,sp ,none,g,passage 
16,small ,sm ,prothesis ,s,passage 
16,scoop ,sk ,none,n,passage 
16,skin ,sk ,none,z,passage 
16,snag ,sn ,none,d,passage 
16,thread ,θr ,none,r,passage 
16,sweeps ,sw ,none,d,passage 
16,please ,pl ,none,na,passage 
16,floor ,fl ,none,i,passage 
16,thrashing ,θr,na,z,passage 
16,speed ,sp ,none,l,passage 
16,smiles ,sm ,none,p,passage 
16,swoon ,sw ,none,n,passage 
16,slouched ,sl ,none,z,passage 
16,swim ,sw ,none,d,passage 
16,dreaming ,dr ,none,p,passage 
16,twin ,tw ,none,r,passage 
16,bugle ,bj ,na,f,passage 
16,clean ,kl ,none,n,passage 
16,snips ,sn ,none,i,passage 
16,ground ,gr ,none,e,passage 
16,slips ,sl ,none,u,passage 
16,place ,pl ,none,u,passage 
16,tweaking ,tw ,none,n,passage 
16,sweeping ,sw ,none,z,passage 
16,sloth ,sl ,none,l,passage 
16,spreading ,sp,none,l,passage 
16,sniffs ,sn ,prothesis,o,passage 
16,flock ,fl ,none,e,passage 
16,snatch ,sn ,none,n,passage 
16,small ,sm ,none,r,passage 
16,slow ,sl ,none,t,passage 
16,stop ,st ,none,t,passage 
16,smacked ,sm ,none,t,passage 
16,skeptical ,sk ,none,z,passage 
16,fly ,fl ,none,s,passage 
16,breeze ,br ,none,e,passage 
16,queen ,kw ,none,e,passage 
16,twitches ,tw ,none,n,passage 
16,throttle ,θr,none,z,passage 
16,brings ,br ,none,r,passage 
16,three ,θr,none,m,passage 
16,sleep ,sl ,none,d,passage 
16,scarlett ,sk ,none,k,passage 
16,creek ,kr ,none,r,passage 
16,plethora ,pl ,none,e,passage 
16,snow ,sn ,none,e,passage 
16,smelling ,sm ,none,z,passage 
16,brother ,br ,none,n,passage 
16,freaks ,fr ,none,i,passage 
16,start,st,none,d,passage 
16,trot ,tr ,none,na,context 
16,snaps ,sn ,none,na,context 
16,dwayne ,dw ,na,na,context 
16,cute ,kj ,none,na,context 
16,swats ,sw ,none,na,context 
16,gloves ,gl ,none,na,context 
16,smith ,sm ,none,na,context 
16,starts ,st ,none,na,context 
16,steps ,st ,none,na,context 
16,slugs ,sl ,none,na,context 
16,quacks ,kw ,none,na,context 
16,skip ,sk ,none,na,context 
16,flying ,fl ,none,na,context 
16,drink ,dr ,none,na,context 
16,grabs ,gr ,none,na,context 
16,smog ,sm ,none,na,context 
16,beautiful ,bj ,none,na,context 
16,dwarf ,dw ,na,na,context 
16,quickly ,kw ,none,na,context 
16,snoops ,sn ,none,na,context 
16,bring ,br ,none,na,context 
16,start ,st ,none,na,context 
16,flickering ,fl ,none,na,context 
16,spark ,sp ,none,na,context 
16,small ,sm ,none,na,context 
16,scoop ,sk ,none,na,context 
16,skin ,sk ,none,na,context 
16,snag ,sn ,none,na,context 
16,thread ,θr ,none,na,context 
16,sweeps ,sw ,none,na,context 
16,please ,pl ,none,na,context 
16,floor ,fl ,none,na,context 
16,thrashing ,θr,none,na,context 
16,speed ,sp ,none,na,context 
16,smiles ,sm ,none,na,context 
16,swoon ,sw ,none,na,context 
16,slouched ,sl ,none,na,context 
16,swim ,sw ,none,na,context 
16,dreaming ,dr ,none,na,context 
16,twin ,tw ,none,na,context 
16,bugle ,bj ,na,na,context 
16,clean ,kl ,none,na,context 
16,snips ,sn ,none,na,context 
16,ground ,gr ,none,na,context 
16,slips ,sl ,none,na,context 
16,place ,pl ,none,na,context 
16,tweaking ,tw ,none,na,context 
16,sweeping ,sw ,none,na,context 
16,sloth ,sl ,none,na,context 
16,spreading ,sp,none,na,context 
16,sniffs ,sn ,none,na,context 
16,flock ,fl ,none,na,context 
16,snatch ,sn ,none,na,context 
16,small ,sm ,none,na,context 
16,slow ,sl ,none,na,context 
16,stop ,st ,none,na,context 
16,smacked ,sm ,none,na,context 
16,skeptical ,sk ,none,na,context 
16,fly ,fl ,none,na,context 
16,breeze ,br ,none,na,context 
16,queen ,kw ,none,na,context 
16,twitches ,tw ,none,na,context 
16,throttle ,θr,none,na,context 
16,brings ,br ,none,na,context 
16,three ,θr,none,na,context 
16,sleep ,sl ,none,na,context 
16,scarlett ,sk ,none,na,context 
16,creek ,kr ,none,na,context 
16,plethora ,pl ,none,na,context 
16,snow ,sn ,none,na,context 
16,smelling ,sm ,none,na,context 
16,brother ,br ,none,na,context 
16,freaks ,fr ,none,na,context 
16,start,st,none,na,context 
17,trot ,tr ,none,z,passage 
17,snaps ,sn ,prothesis ,n,passage 
17,dwayne ,dw ,anaptyxis ,na,passage 
17,cute ,kj ,none,e,passage 
17,swats ,sw ,none,d,passage 
17,gloves ,gl ,none,l,passage 
17,smith ,sm ,none,na,passage 
17,starts ,st ,none,s,passage 
17,steps ,st ,prothesis ,n,passage 
17,slugs ,sl ,none,i,passage 
17,quacks ,kw ,none,d,passage 
17,skip ,sk ,none,n,passage 
17,flying ,fl ,none,s,passage 
17,drink ,dr ,none,i,passage 
17,grabs ,gr ,none,d,passage 
17,smog ,sm ,none,k,passage 
17,beautiful ,bj ,none,r,passage 
17,dwarf ,dw ,na,e,passage 
17,quickly ,kw ,none,r,passage 
17,snoops ,sn ,none,d,passage 
17,bring ,br ,none,r,passage 
17,start ,st ,none,d,passage 
17,flickering ,fl ,none,t,passage 
17,spark ,sp ,prothesis ,g,passage 
17,small ,sm ,none,s,passage 
17,scoop ,sk ,none,n,passage 
17,skin ,sk ,prothesis,z,passage 
17,snag ,sn ,none,d,passage 
17,thread ,θr ,none,r,passage 
17,sweeps ,sw ,none,d,passage 
17,please ,pl ,none,na,passage 
17,floor ,fl ,none,i,passage 
17,thrashing ,θr,none,z,passage 
17,speed ,sp ,none,l,passage 
17,smiles ,sm ,none,p,passage 
17,swoon ,sw ,none,n,passage 
17,slouched ,sl ,none,z,passage 
17,swim ,sw ,none,d,passage 
17,dreaming ,dr ,none,p,passage 
17,twin ,tw ,none,r,passage 
17,bugle ,bj ,na,f,passage 
17,clean ,kl ,none,n,passage 
17,snips ,sn ,none,i,passage 
17,ground ,gr ,none,e,passage 
17,slips ,sl ,none,u,passage 
17,place ,pl ,none,u,passage 
17,tweaking ,tw ,none,n,passage 
17,sweeping ,sw ,none,z,passage 
17,sloth ,sl ,none,l,passage 
17,spreading ,sp,none,l,passage 
17,sniffs ,sn ,none,o,passage 
17,flock ,fl ,none,e,passage 
17,snatch ,sn ,none,n,passage 
17,small ,sm ,none,r,passage 
17,slow ,sl ,none,t,passage 
17,stop ,st ,none,t,passage 
17,smacked ,sm ,none,t,passage 
17,skeptical ,sk ,prothesis,z,passage 
17,fly ,fl ,none,s,passage 
17,breeze ,br ,none,e,passage 
17,queen ,kw ,none,e,passage 
17,twitches ,tw ,none,n,passage 
17,throttle ,θr,none,z,passage 
17,brings ,br ,none,r,passage 
17,three ,θr,none,m,passage 
17,sleep ,sl ,none,d,passage 
17,scarlett ,sk ,none,k,passage 
17,creek ,kr ,none,r,passage 
17,plethora ,pl ,anaptyxis ,e,passage 
17,snow ,sn ,none,e,passage 
17,smelling ,sm ,none,z,passage 
17,brother ,br ,none,n,passage 
17,freaks ,fr ,none,i,passage 
17,start,st,none,d,passage 
17,trot ,tr ,none,na,context 
17,snaps ,sn ,none,na,context 
17,dwayne ,dw ,anaptyxis ,na,context 
17,cute ,kj ,none,na,context 
17,swats ,sw ,none,na,context 
17,gloves ,gl ,none,na,context 
17,smith ,sm ,none,na,context 
17,starts ,st ,prothesis ,na,context 
17,steps ,st ,prothesis ,na,context 
17,slugs ,sl ,none,na,context 
17,quacks ,kw ,none,na,context 
17,skip ,sk ,none,na,context 
17,flying ,fl ,none,na,context 
17,drink ,dr ,none,na,context 
17,grabs ,gr ,none,na,context 
17,smog ,sm ,none,na,context 
17,beautiful ,bj ,none,na,context 
17,dwarf ,dw ,none,na,context 
17,quickly ,kw ,none,na,context 
17,snoops ,sn ,none,na,context 
17,bring ,br ,none,na,context 
17,start ,st ,prothesis ,na,context 
17,flickering ,fl ,none,na,context 
17,spark ,sp ,none,na,context 
17,small ,sm ,none,na,context 
17,scoop ,sk ,none,na,context 
17,skin ,sk ,none,na,context 
17,snag ,sn ,none,na,context 
17,thread ,θr ,none,na,context 
17,sweeps ,sw ,none,na,context 
17,please ,pl ,none,na,context 
17,floor ,fl ,none,na,context 
17,thrashing ,θr,none,na,context 
17,speed ,sp ,none,na,context 
17,smiles ,sm ,none,na,context 
17,swoon ,sw ,none,na,context 
17,slouched ,sl ,none,na,context 
17,swim ,sw ,none,na,context 
17,dreaming ,dr ,none,na,context 
17,twin ,tw ,none,na,context 
17,bugle ,bj ,none,na,context 
17,clean ,kl ,none,na,context 
17,snips ,sn ,none,na,context 
17,ground ,gr ,none,na,context 
17,slips ,sl ,none,na,context 
17,place ,pl ,none,na,context 
17,tweaking ,tw ,none,na,context 
17,sweeping ,sw ,none,na,context 
17,sloth ,sl ,none,na,context 
17,spreading ,sp,none,na,context 
17,sniffs ,sn ,none,na,context 
17,flock ,fl ,none,na,context 
17,snatch ,sn ,none,na,context 
17,small ,sm ,none,na,context 
17,slow ,sl ,none,na,context 
17,stop ,st ,none,na,context 
17,smacked ,sm ,none,na,context 
17,skeptical ,sk ,none,na,context 
17,fly ,fl ,none,na,context 
17,breeze ,br ,none,na,context 
17,queen ,kw ,none,na,context 
17,twitches ,tw ,none,na,context 
17,throttle ,θr,none,na,context 
17,brings ,br ,none,na,context 
17,three ,θr,none,na,context 
17,sleep ,sl ,none,na,context 
17,scarlett ,sk ,none,na,context 
17,creek ,kr ,none,na,context 
17,plethora ,pl ,none,na,context 
17,snow ,sn ,none,na,context 
17,smelling ,sm ,none,na,context 
17,brother ,br ,none,na,context 
17,freaks ,fr ,none,na,context 
17,start,st,none,na,context 
18,trot ,tr ,none,z,passage 
18,snaps ,sn ,none,n,passage 
18,dwayne ,dw ,none,na,passage 
18,cute ,kj ,none,e,passage 
18,swats ,sw ,none,d,passage 
18,gloves ,gl ,none,l,passage 
18,smith ,sm ,none,na,passage 
18,starts ,st ,none,s,passage 
18,steps ,st ,none,n,passage 
18,slugs ,sl ,prothesis,i,passage 
18,quacks ,kw ,none,d,passage 
18,skip ,sk ,none,n,passage 
18,flying ,fl ,none,s,passage 
18,drink ,dr ,none,i,passage 
18,grabs ,gr ,none,d,passage 
18,smog ,sm ,none,k,passage 
18,beautiful ,bj ,none,r,passage 
18,dwarf ,dw ,anaptyxis ,e,passage 
18,quickly ,kw ,none,r,passage 
18,snoops ,sn ,none,d,passage 
18,bring ,br ,none,r,passage 
18,start ,st ,none,d,passage 
18,flickering ,fl ,none,t,passage 
18,spark ,sp ,none,g,passage 
18,small ,sm ,none,s,passage 
18,scoop ,sk ,none,n,passage 
18,skin ,sk ,prothesis ,z,passage 
18,snag ,sn ,none,d,passage 
18,thread ,θr ,anaptyxis,r,passage 
18,sweeps ,sw ,none,d,passage 
18,please ,pl ,none,na,passage 
18,floor ,fl ,none,i,passage 
18,thrashing ,θr,none,z,passage 
18,speed ,sp ,none,l,passage 
18,smiles ,sm ,none,p,passage 
18,swoon ,sw ,none,n,passage 
18,slouched ,sl ,prothesis ,z,passage 
18,swim ,sw ,none,d,passage 
18,dreaming ,dr ,none,p,passage 
18,twin ,tw ,none,r,passage 
18,bugle ,bj ,none,f,passage 
18,clean ,kl ,none,n,passage 
18,snips ,sn ,prothesis ,i,passage 
18,ground ,gr ,none,e,passage 
18,slips ,sl ,none,u,passage 
18,place ,pl ,none,u,passage 
18,tweaking ,tw ,none,n,passage 
18,sweeping ,sw ,none,z,passage 
18,sloth ,sl ,none,l,passage 
18,spreading ,sp,none,l,passage 
18,sniffs ,sn ,prothesis ,o,passage 
18,flock ,fl ,none,e,passage 
18,snatch ,sn ,none,n,passage 
18,small ,sm ,none,r,passage 
18,slow ,sl ,none,t,passage 
18,stop ,st ,none,t,passage 
18,smacked ,sm ,none,t,passage 
18,skeptical ,sk ,none,z,passage 
18,fly ,fl ,none,s,passage 
18,breeze ,br ,none,e,passage 
18,queen ,kw ,none,e,passage 
18,twitches ,tw ,none,n,passage 
18,throttle ,θr,none,z,passage 
18,brings ,br ,none,r,passage 
18,three ,θr,none,m,passage 
18,sleep ,sl ,none,d,passage 
18,scarlett ,sk ,none,k,passage 
18,creek ,kr ,none,r,passage 
18,plethora ,pl ,none,e,passage 
18,snow ,sn ,none,e,passage 
18,smelling ,sm ,none,z,passage 
18,brother ,br ,none,n,passage 
18,freaks ,fr ,none,i,passage 
18,starts,st,prothesis ,d,passage 
18,trot ,tr ,none,na,context 
18,snaps ,sn ,none,na,context 
18,dwayne ,dw ,anaptyxis ,na,context 
18,cute ,kj ,none,na,context 
18,swats ,sw ,none,na,context 
18,gloves ,gl ,none,na,context 
18,smith ,sm ,none,na,context 
18,starts ,st ,none,na,context 
18,steps ,st ,none,na,context 
18,slugs ,sl ,none,na,context 
18,quacks ,kw ,none,na,context 
18,skip ,sk ,none,na,context 
18,flying ,fl ,none,na,context 
18,drink ,dr ,none,na,context 
18,grabs ,gr ,none,na,context 
18,smog ,sm ,none,na,context 
18,beautiful ,bj ,none,na,context 
18,dwarf ,dw ,none,na,context 
18,quickly ,kw ,none,na,context 
18,snoops ,sn ,none,na,context 
18,bring ,br ,none,na,context 
18,start ,st ,none,na,context 
18,flickering ,fl ,none,na,context 
18,spark ,sp ,none,na,context 
18,small ,sm ,none,na,context 
18,scoop ,sk ,none,na,context 
18,skin ,sk ,none,na,context 
18,snag ,sn ,none,na,context 
18,thread ,θr ,anaptyxis ,na,context 
18,sweeps ,sw ,none,na,context 
18,please ,pl ,none,na,context 
18,floor ,fl ,none,na,context 
18,thrashing ,θr,anaptyxis ,na,context 
18,speed ,sp ,none,na,context 
18,smiles ,sm ,none,na,context 
18,swoon ,sw ,anaptyxis ,na,context 
18,slouched ,sl ,none,na,context 
18,swim ,sw ,none,na,context 
18,dreaming ,dr ,none,na,context 
18,twin ,tw ,none,na,context 
18,bugle ,bj ,none,na,context 
18,clean ,kl ,none,na,context 
18,snips ,sn ,none,na,context 
18,ground ,gr ,none,na,context 
18,slips ,sl ,none,na,context 
18,place ,pl ,none,na,context 
18,tweaking ,tw ,none,na,context 
18,sweeping ,sw ,none,na,context 
18,sloth ,sl ,none,na,context 
18,spreading ,sp,none,na,context 
18,sniffs ,sn ,none,na,context 
18,flock ,fl ,none,na,context 
18,snatch ,sn ,none,na,context 
18,small ,sm ,none,na,context 
18,slow ,sl ,none,na,context 
18,stop ,st ,none,na,context 
18,smacked ,sm ,none,na,context 
18,skeptical ,sk ,none,na,context 
18,fly ,fl ,none,na,context 
18,breeze ,br ,none,na,context 
18,queen ,kw ,none,na,context 
18,twitches ,tw ,none,na,context 
18,throttle ,θr,none,na,context 
18,brings ,br ,none,na,context 
18,three ,θr,none,na,context 
18,sleep ,sl ,none,na,context 
18,scarlett ,sk ,none,na,context 
18,creek ,kr ,none,na,context 
18,plethora ,pl ,none,na,context 
18,snow ,sn ,none,na,context 
18,smelling ,sm ,none,na,context 
18,brother ,br ,none,na,context 
18,freaks ,fr ,none,na,context 
18,starts ,st,none,na,context 
19,trot ,tr ,na,z,passage 
19,snaps ,sn ,na,n,passage 
19,dwayne ,dw ,na,na,passage 
19,cute ,kj ,na,e,passage 
19,swats ,sw ,na,d,passage 
19,gloves ,gl ,na,l,passage 
19,smith ,sm ,na,na,passage 
19,starts ,st ,na,s,passage 
19,steps ,st ,na,n,passage 
19,slugs ,sl ,na,i,passage 
19,quacks ,kw ,na,d,passage 
19,skip ,sk ,na,n,passage 
19,flying ,fl ,na,s,passage 
19,drink ,dr ,na,i,passage 
19,grabs ,gr ,na,d,passage 
19,smog ,sm ,na,k,passage 
19,beautiful ,bj ,na,r,passage 
19,dwarf ,dw ,na,e,passage 
19,quickly ,kw ,na,r,passage 
19,snoops ,sn ,na,d,passage 
19,bring ,br ,na,r,passage 
19,start ,st ,na,d,passage 
19,flickering ,fl ,na,t,passage 
19,spark ,sp ,na,g,passage 
19,small ,sm ,na,s,passage 
19,scoop ,sk ,na,n,passage 
19,skin ,sk ,na,z,passage 
19,snag ,sn ,na,d,passage 
19,thread ,θr ,na,r,passage 
19,sweeps ,sw ,na,d,passage 
19,please ,pl ,na,na,passage 
19,floor ,fl ,na,i,passage 
19,thrashing ,θr,na,z,passage 
19,speed ,sp ,na,l,passage 
19,smiles ,sm ,na,p,passage 
19,swoon ,sw ,na,n,passage 
19,slouched ,sl ,na,z,passage 
19,swim ,sw ,na,d,passage 
19,dreaming ,dr ,na,p,passage 
19,twin ,tw ,na,r,passage 
19,bugle ,bj ,na,f,passage 
19,clean ,kl ,na,n,passage 
19,snips ,sn ,na,i,passage 
19,ground ,gr ,na,e,passage 
19,slips ,sl ,na,u,passage 
19,place ,pl ,na,u,passage 
19,tweaking ,tw ,na,n,passage 
19,sweeping ,sw ,na,z,passage 
19,sloth ,sl ,na,l,passage 
19,spreading ,sp,na,l,passage 
19,sniffs ,sn ,na,o,passage 
19,flock ,fl ,na,e,passage 
19,snatch ,sn ,na,n,passage 
19,small ,sm ,na,r,passage 
19,slow ,sl ,na,t,passage 
19,stop ,st ,na,t,passage 
19,smacked ,sm ,na,t,passage 
19,skeptical ,sk ,na,z,passage 
19,fly ,fl ,na,s,passage 
19,breeze ,br ,na,e,passage 
19,queen ,kw ,na,e,passage 
19,twitches ,tw ,na,n,passage 
19,throttle ,θr,na,z,passage 
19,brings ,br ,na,r,passage 
19,three ,θr,na,m,passage 
19,sleep ,sl ,na,d,passage 
19,scarlett ,sk ,na,k,passage 
19,creek ,kr ,na,r,passage 
19,plethora ,pl ,na,e,passage 
19,snow ,sn ,na,e,passage 
19,smelling ,sm ,na,z,passage 
19,brother ,br ,na,n,passage 
19,freaks ,fr ,na,i,passage 
19,starts,st,na,d,passage 
19,trot ,tr ,anaptyxis ,na,context 
19,snaps ,sn ,none,na,context 
19,dwayne ,dw ,anaptyxis ,na,context 
19,cute ,kj ,anaptyxis ,na,context 
19,swats ,sw ,anaptyxis ,na,context 
19,gloves ,gl ,anaptyxis ,na,context 
19,smith ,sm ,none,na,context 
19,starts ,st ,none,na,context 
19,steps ,st ,none,na,context 
19,slugs ,sl ,none,na,context 
19,quacks ,kw ,anaptyxis ,na,context 
19,skip ,sk ,none,na,context 
19,flying ,fl ,anaptyxis ,na,context 
19,drink ,dr ,anaptyxis ,na,context 
19,grabs ,gr ,anaptyxis ,na,context 
19,smog ,sm ,none,na,context 
19,beautiful ,bj ,none,na,context 
19,dwarf ,dw ,anaptyxis ,na,context 
19,quickly ,kw ,anaptyxis ,na,context 
19,snoops ,sn ,none,na,context 
19,bring ,br ,anaptyxis ,na,context 
19,start ,st ,none,na,context 
19,flickering ,fl ,anaptyxis ,na,context 
19,spark ,sp ,none,na,context 
19,small ,sm ,none,na,context 
19,scoop ,sk ,none,na,context 
19,skin ,sk ,none,na,context 
19,snag ,sn ,none,na,context 
19,thread ,θr ,anaptyxis ,na,context 
19,sweeps ,sw ,anaptyxis ,na,context 
19,please ,pl ,none,na,context 
19,floor ,fl ,anaptyxis ,na,context 
19,thrashing ,θr,anaptyxis ,na,context 
19,speed ,sp ,none,na,context 
19,smiles ,sm ,none,na,context 
19,swoon ,sw ,anaptyxis ,na,context 
19,slouched ,sl ,none,na,context 
19,swim ,sw ,none,na,context 
19,dreaming ,dr ,anaptyxis ,na,context 
19,twin ,tw ,anaptyxis ,na,context 
19,bugle ,bj ,na,na,context 
19,clean ,kl ,anaptyxis ,na,context 
19,snips ,sn ,none,na,context 
19,ground ,gr ,anaptyxis ,na,context 
19,slips ,sl ,none,na,context 
19,place ,pl ,anaptyxis ,na,context 
19,tweaking ,tw ,none,na,context 
19,sweeping ,sw ,anaptyxis ,na,context 
19,sloth ,sl ,none,na,context 
19,spreading ,sp,none,na,context 
19,sniffs ,sn ,none,na,context 
19,flock ,fl ,anaptyxis ,na,context 
19,snatch ,sn ,none,na,context 
19,small ,sm ,none,na,context 
19,slow ,sl ,none,na,context 
19,stop ,st ,none,na,context 
19,smacked ,sm ,prothesis ,na,context 
19,skeptical ,sk ,none,na,context 
19,fly ,fl ,anaptyxis ,na,context 
19,breeze ,br ,anaptyxis ,na,context 
19,queen ,kw ,anaptyxis ,na,context 
19,twitches ,tw ,anaptyxis ,na,context 
19,throttle ,θr,anaptyxis ,na,context 
19,brings ,br ,anaptyxis ,na,context 
19,three ,θr,anaptyxis ,na,context 
19,sleep ,sl ,none,na,context 
19,scarlett ,sk ,none,na,context 
19,creek ,kr ,anaptyxis ,na,context 
19,plethora ,pl ,anaptyxis ,na,context 
19,snow ,sn ,none,na,context 
19,smelling ,sm ,none,na,context 
19,brother ,br ,none,na,context 
19,freaks ,fr ,anaptyxis ,na,context 
19,starts ,st,na,na,context 
20,trot ,tr ,na,z,passage 
20,snaps ,sn ,na,n,passage 
20,dwayne ,dw ,na,na,passage 
20,cute ,kj ,na,e,passage 
20,swats ,sw ,na,d,passage 
20,gloves ,gl ,na,l,passage 
20,smith ,sm ,na,na,passage 
20,starts ,st ,na,s,passage 
20,steps ,st ,na,n,passage 
20,slugs ,sl ,na,i,passage 
20,quacks ,kw ,na,d,passage 
20,skip ,sk ,na,n,passage 
20,flying ,fl ,na,s,passage 
20,drink ,dr ,na,i,passage 
20,grabs ,gr ,na,d,passage 
20,smog ,sm ,na,k,passage 
20,beautiful ,bj ,na,r,passage 
20,dwarf ,dw ,na,e,passage 
20,quickly ,kw ,na,r,passage 
20,snoops ,sn ,na,d,passage 
20,bring ,br ,na,r,passage 
20,start ,st ,na,d,passage 
20,flickering ,fl ,na,t,passage 
20,spark ,sp ,na,g,passage 
20,small ,sm ,na,s,passage 
20,scoop ,sk ,na,n,passage 
20,skin ,sk ,na,z,passage 
20,snag ,sn ,na,d,passage 
20,thread ,θr ,na,r,passage 
20,sweeps ,sw ,na,d,passage 
20,please ,pl ,na,na,passage 
20,floor ,fl ,na,i,passage 
20,thrashing ,θr,na,z,passage 
20,speed ,sp ,na,l,passage 
20,smiles ,sm ,na,p,passage 
20,swoon ,sw ,na,n,passage 
20,slouched ,sl ,na,z,passage 
20,swim ,sw ,na,d,passage 
20,dreaming ,dr ,na,p,passage 
20,twin ,tw ,na,r,passage 
20,bugle ,bj ,na,f,passage 
20,clean ,kl ,na,n,passage 
20,snips ,sn ,na,i,passage 
20,ground ,gr ,na,e,passage 
20,slips ,sl ,na,u,passage 
20,place ,pl ,na,u,passage 
20,tweaking ,tw ,na,n,passage 
20,sweeping ,sw ,na,z,passage 
20,sloth ,sl ,na,l,passage 
20,spreading ,sp,na,l,passage 
20,sniffs ,sn ,na,o,passage 
20,flock ,fl ,na,e,passage 
20,snatch ,sn ,na,n,passage 
20,small ,sm ,na,r,passage 
20,slow ,sl ,na,t,passage 
20,stop ,st ,na,t,passage 
20,smacked ,sm ,na,t,passage 
20,skeptical ,sk ,na,z,passage 
20,fly ,fl ,na,s,passage 
20,breeze ,br ,na,e,passage 
20,queen ,kw ,na,e,passage 
20,twitches ,tw ,na,n,passage 
20,throttle ,θr,na,z,passage 
20,brings ,br ,na,r,passage 
20,three ,θr,na,m,passage 
20,sleep ,sl ,na,d,passage 
20,scarlett ,sk ,na,k,passage 
20,creek ,kr ,na,r,passage 
20,plethora ,pl ,na,e,passage 
20,snow ,sn ,na,e,passage 
20,smelling ,sm ,na,z,passage 
20,brother ,br ,na,n,passage 
20,freaks ,fr ,na,i,passage 
20,starts,st,na,d,passage 
20,trot ,tr ,none,na,context 
20,snaps ,sn ,prothesis ,na,context 
20,dwayne ,dw ,na,na,context 
20,cute ,kj ,none,na,context 
20,swats ,sw ,none,na,context 
20,gloves ,gl ,anaptyxis,na,context 
20,smith ,sm ,prothesis ,na,context 
20,starts ,st ,none,na,context 
20,steps ,st ,none,na,context 
20,slugs ,sl ,none,na,context 
20,quacks ,kw ,anaptyxis,na,context 
20,skip ,sk ,prothesis ,na,context 
20,flying ,fl ,none,na,context 
20,drink ,dr ,anaptyxis,na,context 
20,grabs ,gr ,anaptyxis,na,context 
20,smog ,sm ,none,na,context 
20,beautiful ,bj ,anaptyxis,na,context 
20,dwarf ,dw ,na,na,context 
20,quickly ,kw ,none,na,context 
20,snoops ,sn ,none,na,context 
20,bring ,br ,anaptyxis,na,context 
20,start ,st ,none,na,context 
20,flickering ,fl ,anaptyxis,na,context 
20,spark ,sp ,none,na,context 
20,small ,sm ,none,na,context 
20,scoop ,sk ,none,na,context 
20,skin ,sk ,none,na,context 
20,snag ,sn ,none,na,context 
20,thread ,θr ,none,na,context 
20,sweeps ,sw ,none,na,context 
20,please ,pl ,anaptyxis,na,context 
20,floor ,fl ,anaptyxis,na,context 
20,thrashing ,θr,none,na,context 
20,speed ,sp ,prothesis ,na,context 
20,smiles ,sm ,none,na,context 
20,swoon ,sw ,anaptyxis,na,context 
20,slouched ,sl ,none,na,context 
20,swim ,sw ,anaptyxis,na,context 
20,dreaming ,dr ,anaptyxis,na,context 
20,twin ,tw ,anaptyxis,na,context 
20,bugle ,bj ,na,na,context 
20,clean ,kl ,anaptyxis,na,context 
20,snips ,sn ,none,na,context 
20,ground ,gr ,anaptyxis,na,context 
20,slips ,sl ,prothesis ,na,context 
20,place ,pl ,anaptyxis,na,context 
20,tweaking ,tw ,anaptyxis,na,context 
20,sweeping ,sw ,anaptyxis,na,context 
20,sloth ,sl ,prothesis ,na,context 
20,spreading ,sp,prothesis ,na,context 
20,sniffs ,sn ,none,na,context 
20,flock ,fl ,anaptyxis ,na,context 
20,snatch ,sn ,none,na,context 
20,small ,sm ,none,na,context 
20,slow ,sl ,none,na,context 
20,stop ,st ,none,na,context 
20,smacked ,sm ,prothesis ,na,context 
20,skeptical ,sk ,none,na,context 
20,fly ,fl ,none,na,context 
20,breeze ,br ,anaptyxis,na,context 
20,queen ,kw ,anaptyxis,na,context 
20,twitches ,tw ,anaptyxis,na,context 
20,throttle ,θr,none,na,context 
20,brings ,br ,none,na,context 
20,three ,θr,anaptyxis,na,context 
20,sleep ,sl ,none,na,context 
20,scarlett ,sk ,na,na,context 
20,creek ,kr ,none,na,context 
20,plethora ,pl ,anaptyxis ,na,context 
20,snow ,sn ,none,na,context 
20,smelling ,sm ,none,na,context 
20,brother ,br ,none,na,context 
20,freaks ,fr ,none,na,context 
20,starts ,st,na,na,context 
21,trot ,tr ,na,z,passage 
21,snaps ,sn ,na,n,passage 
21,dwayne ,dw ,na,na,passage 
21,cute ,kj ,na,e,passage 
21,swats ,sw ,na,d,passage 
21,gloves ,gl ,na,l,passage 
21,smith ,sm ,na,na,passage 
21,starts ,st ,na,s,passage 
21,steps ,st ,na,n,passage 
21,slugs ,sl ,na,i,passage 
21,quacks ,kw ,na,d,passage 
21,skip ,sk ,na,n,passage 
21,flying ,fl ,na,s,passage 
21,drink ,dr ,na,i,passage 
21,grabs ,gr ,na,d,passage 
21,smog ,sm ,na,k,passage 
21,beautiful ,bj ,na,r,passage 
21,dwarf ,dw ,na,e,passage 
21,quickly ,kw ,na,r,passage 
21,snoops ,sn ,na,d,passage 
21,bring ,br ,na,r,passage 
21,start ,st ,na,d,passage 
21,flickering ,fl ,na,t,passage 
21,spark ,sp ,na,g,passage 
21,small ,sm ,na,s,passage 
21,scoop ,sk ,na,n,passage 
21,skin ,sk ,na,z,passage 
21,snag ,sn ,na,d,passage 
21,thread ,θr ,na,r,passage 
21,sweeps ,sw ,na,d,passage 
21,please ,pl ,na,na,passage 
21,floor ,fl ,na,i,passage 
21,thrashing ,θr,na,z,passage 
21,speed ,sp ,na,l,passage 
21,smiles ,sm ,na,p,passage 
21,swoon ,sw ,na,n,passage 
21,slouched ,sl ,na,z,passage 
21,swim ,sw ,na,d,passage 
21,dreaming ,dr ,na,p,passage 
21,twin ,tw ,na,r,passage 
21,bugle ,bj ,na,f,passage 
21,clean ,kl ,na,n,passage 
21,snips ,sn ,na,i,passage 
21,ground ,gr ,na,e,passage 
21,slips ,sl ,na,u,passage 
21,place ,pl ,na,u,passage 
21,tweaking ,tw ,na,n,passage 
21,sweeping ,sw ,na,z,passage 
21,sloth ,sl ,na,l,passage 
21,spreading ,sp,na,l,passage 
21,sniffs ,sn ,na,o,passage 
21,flock ,fl ,na,e,passage 
21,snatch ,sn ,na,n,passage 
21,small ,sm ,na,r,passage 
21,slow ,sl ,na,t,passage 
21,stop ,st ,na,t,passage 
21,smacked ,sm ,na,t,passage 
21,skeptical ,sk ,na,z,passage 
21,fly ,fl ,na,s,passage 
21,breeze ,br ,na,e,passage 
21,queen ,kw ,na,e,passage 
21,twitches ,tw ,na,n,passage 
21,throttle ,θr,na,z,passage 
21,brings ,br ,na,r,passage 
21,three ,θr,na,m,passage 
21,sleep ,sl ,na,d,passage 
21,scarlett ,sk ,na,k,passage 
21,creek ,kr ,na,r,passage 
21,plethora ,pl ,na,e,passage 
21,snow ,sn ,na,e,passage 
21,smelling ,sm ,na,z,passage 
21,brother ,br ,na,n,passage 
21,freaks ,fr ,na,i,passage 
21,starts,st,na,d,passage 
21,trot ,tr ,anaptyxis,na,context 
21,snaps ,sn ,prothesis,na,context 
21,dwayne ,dw ,anaptyxis,na,context 
21,cute ,kj ,none ,na,context 
21,swats ,sw ,anaptyxis,na,context 
21,gloves ,gl ,anaptyxis,na,context 
21,smith ,sm ,prothesis ,na,context 
21,starts ,st ,prothesis ,na,context 
21,steps ,st ,prothesis ,na,context 
21,slugs ,sl ,prothesis ,na,context 
21,quacks ,kw ,anaptyxis,na,context 
21,skip ,sk ,prothesis ,na,context 
21,flying ,fl ,anaptyxis,na,context 
21,drink ,dr ,anaptyxis,na,context 
21,grabs ,gr ,anaptyxis,na,context 
21,smog ,sm ,prothesis ,na,context 
21,beautiful ,bj ,anaptyxis,na,context 
21,dwarf ,dw ,na,na,context 
21,quickly ,kw ,anaptyxis,na,context 
21,snoops ,sn ,prothesis ,na,context 
21,bring ,br ,anaptyxis,na,context 
21,start ,st ,prothesis ,na,context 
21,flickering ,fl ,anaptyxis,na,context 
21,spark ,sp ,prothesis ,na,context 
21,small ,sm ,prothesis ,na,context 
21,scoop ,sk ,prothesis ,na,context 
21,skin ,sk ,prothesis ,na,context 
21,snag ,sn ,prothesis ,na,context 
21,thread ,θr ,anaptyxis,na,context 
21,sweeps ,sw ,prothesis ,na,context 
21,please ,pl ,anaptyxis,na,context 
21,floor ,fl ,anaptyxis,na,context 
21,thrashing ,θr,anaptyxis,na,context 
21,speed ,sp ,prothesis ,na,context 
21,smiles ,sm ,prothesis ,na,context 
21,swoon ,sw ,anaptyxis,na,context 
21,slouched ,sl ,prothesis ,na,context 
21,swim ,sw ,anaptyxis,na,context 
21,dreaming ,dr ,anaptyxis,na,context 
21,twin ,tw ,anaptyxis,na,context 
21,bugle ,bj ,none,na,context 
21,clean ,kl ,anaptyxis,na,context 
21,snips ,sn ,prothesis,na,context 
21,ground ,gr ,anaptyxis,na,context 
21,slips ,sl ,prothesis ,na,context 
21,place ,pl ,anaptyxis,na,context 
21,tweaking ,tw ,na,na,context 
21,sweeping ,sw ,anaptyxis,na,context 
21,sloth ,sl ,prothesis ,na,context 
21,spreading ,sp,anaptyxis ,na,context 
21,sniffs ,sn ,prothesis ,na,context 
21,flock ,fl ,anaptyxis,na,context 
21,snatch ,sn ,prothesis ,na,context 
21,small ,sm ,prothesis ,na,context 
21,slow ,sl ,prothesis ,na,context 
21,stop ,st ,prothesis ,na,context 
21,smacked ,sm ,prothesis ,na,context 
21,skeptical ,sk ,prothesis ,na,context 
21,fly ,fl ,anaptyxis,na,context 
21,breeze ,br ,anaptyxis,na,context 
21,queen ,kw ,anaptyxis,na,context 
21,twitches ,tw ,na ,na,context 
21,throttle ,θr,anaptyxis,na,context 
21,brings ,br ,anaptyxis,na,context 
21,three ,θr,anaptyxis,na,context 
21,sleep ,sl ,prothesis ,na,context 
21,scarlett ,sk ,prothesis ,na,context 
21,creek ,kr ,anaptyxis,na,context 
21,plethora ,pl ,anaptyxis,na,context 
21,snow ,sn ,prothesis ,na,context 
21,smelling ,sm ,prothesis ,na,context 
21,brother ,br ,anaptyxis,na,context 
21,freaks ,fr ,anaptyxis ,na,context 
21,starts ,st,prothesis ,na,context 
